0000000651,scans,0000000134,DataLength
"header",0000000027,"lines"
"Date",21/01/2022,"Time",01:02:33
"ID","HAL RC RGA 201 #15189","Version",3
"Scans",8
"Scan ID","Mode","Input","Scanned","Start","Stop","Increment","Dwell","Settle","RS","RelSEM"
"Scan 1","RGA","Faraday","mass",2.00,2.00,0.01,100.000%,100.000%,0.440000,1.000000,
"Scan 2","RGA","Faraday","mass",4.00,4.00,0.01,100.000%,100.000%,0.140000,1.000000,
"Scan 3","RGA","Faraday","mass",14.00,14.00,0.01,100.000%,100.000%,0.072000,1.000000,
"Scan 4","RGA","SEM","mass",15.00,15.00,0.01,100.000%,100.000%,1.373000,1.000000,
"Scan 5","RGA","Faraday","mass",17.00,17.00,0.01,100.000%,100.000%,0.207000,1.000000,
"Scan 6","RGA","Faraday","mass",28.00,28.00,0.01,100.000%,100.000%,1.050000,1.000000,
"Scan 7","RGA","Faraday","mass",32.00,32.00,0.01,100.000%,100.000%,0.860000,1.000000,
"Scan 8","RGA","Faraday","mass",44.00,44.00,0.01,100.000%,100.000%,1.400000,1.000000,
"Environment",
"Global","RGA"
"F1",1,"( 1 = on, 0 = off )"
"F2",0,"( 1 = on, 0 = off )"
"cage",3.0,"V"
"delta-m",0,"%"
"electron-energy",70.0,"V"
"emission",250.000,"uA"
"focus",-90,"V"
"mass",5.50,"amu"
"mode-change-delay",1000,"ms"
"multiplier",870,"V"
"resolution",0,"%"
"Data",8
"Time","ms","Hydrogen","Helium","Nitrogen","Methane","Water","Carbon monoxide","Oxygen","Carbon dioxide",
00:00:00,       532,  1.28023e-05,  3.07142e-07,  1.79165e-06,  5.48070e-10,  0.00000e+00,  1.71999e-06,  4.49999e-07, -3.07142e-08,
00:00:02,      2546,  1.30298e-05,  1.43589e-08,  1.33449e-06,  5.32411e-10,  1.36322e-07,  1.67009e-06,  3.96873e-07,  1.10341e-08,
00:00:04,      4313,  1.30786e-05,  2.38035e-08,  1.29448e-06,  5.33390e-10,  1.33985e-07,  1.67904e-06,  3.83874e-07,  3.30178e-09,
00:00:33,     33728,  1.31932e-05,  2.58229e-08,  1.29896e-06,  5.13884e-10,  1.34857e-07,  1.67264e-06,  3.80499e-07,  3.52215e-09,
00:01:09,     69261,  1.32252e-05,  2.59902e-08,  1.29448e-06,  5.17231e-10,  1.35055e-07,  1.67841e-06,  3.79749e-07,  3.64404e-09,
00:01:52,    112722,  1.32909e-05,  2.57167e-08,  1.29597e-06,  5.17280e-10,  1.33954e-07,  1.67392e-06,  3.79624e-07,  3.54512e-09,
00:02:49,    169467,  1.34054e-05,  2.64093e-08,  1.30493e-06,  5.20960e-10,  1.35185e-07,  1.67904e-06,  3.79749e-07,  3.54405e-09,
00:03:46,    226211,  1.35551e-05,  2.70292e-08,  1.30642e-06,  5.29524e-10,  1.35642e-07,  1.68671e-06,  3.80249e-07,  3.61271e-09,
00:04:42,    282956,  1.36986e-05,  2.60035e-08,  1.30941e-06,  5.33771e-10,  1.35896e-07,  1.68864e-06,  3.81749e-07,  3.73104e-09,
00:05:39,    339701,  1.38024e-05,  2.67184e-08,  1.31986e-06,  5.39902e-10,  1.36125e-07,  1.68992e-06,  3.81999e-07,  3.72217e-09,
00:06:36,    396447,  1.38940e-05,  2.63798e-08,  1.32135e-06,  5.36962e-10,  1.36161e-07,  1.69248e-06,  3.83124e-07,  3.71716e-09,
00:07:33,    453191,  1.39918e-05,  2.72126e-08,  1.32583e-06,  5.43368e-10,  1.36774e-07,  1.69311e-06,  3.83249e-07,  3.78562e-09,
00:08:29,    509936,  1.40742e-05,  2.64484e-08,  1.33031e-06,  5.47404e-10,  1.37911e-07,  1.70016e-06,  3.84123e-07,  3.76606e-09,
00:09:26,    566681,  1.41720e-05,  2.68335e-08,  1.32434e-06,  5.46025e-10,  1.37688e-07,  1.69759e-06,  3.83623e-07,  3.69532e-09,
00:10:23,    623426,  1.42651e-05,  2.77531e-08,  1.33180e-06,  5.49465e-10,  1.37911e-07,  1.69889e-06,  3.83874e-07,  3.73249e-09,
00:11:20,    680171,  1.43338e-05,  2.68303e-08,  1.33031e-06,  5.53047e-10,  1.38727e-07,  1.70080e-06,  3.83623e-07,  3.76549e-09,
00:12:16,    736917,  1.44346e-05,  2.68032e-08,  1.33031e-06,  5.54603e-10,  1.38727e-07,  1.70399e-06,  3.83499e-07,  3.71160e-09,
00:13:13,    793661,  1.45018e-05,  2.69612e-08,  1.33479e-06,  5.60245e-10,  1.39401e-07,  1.70272e-06,  3.83623e-07,  3.73766e-09,
00:14:10,    850406,  1.44743e-05,  2.74214e-08,  1.33031e-06,  5.53653e-10,  1.37813e-07,  1.69568e-06,  3.83249e-07,  3.73171e-09,
00:15:07,    907152,  1.45048e-05,  2.73474e-08,  1.33330e-06,  5.52302e-10,  1.38695e-07,  1.70208e-06,  3.83999e-07,  3.79125e-09,
00:16:03,    963896,  1.45980e-05,  2.72324e-08,  1.33778e-06,  5.51701e-10,  1.38566e-07,  1.70784e-06,  3.83999e-07,  3.80850e-09,
00:17:00,   1020641,  1.46133e-05,  2.77156e-08,  1.33330e-06,  5.59125e-10,  1.38560e-07,  1.71615e-06,  3.85123e-07,  3.69156e-09,
00:17:57,   1077386,  1.46194e-05,  2.72580e-08,  1.34076e-06,  5.63631e-10,  1.38659e-07,  1.71615e-06,  3.85123e-07,  3.97128e-09,
00:18:54,   1134131,  1.44972e-05,  2.72696e-08,  1.33628e-06,  5.64038e-10,  1.39308e-07,  1.70528e-06,  3.84873e-07,  3.79233e-09,
00:19:50,   1190876,  1.46988e-05,  2.73380e-08,  1.34375e-06,  5.61067e-10,  1.39246e-07,  1.71743e-06,  3.85373e-07,  3.86301e-09,
00:20:47,   1247621,  1.47186e-05,  2.66944e-08,  1.34375e-06,  5.63802e-10,  1.39178e-07,  1.71359e-06,  3.87374e-07,  3.82732e-09,
00:21:44,   1304366,  1.46942e-05,  2.69476e-08,  1.34823e-06,  5.64243e-10,  1.39371e-07,  1.71615e-06,  3.86624e-07,  3.93664e-09,
00:22:41,   1361111,  1.46927e-05,  2.72232e-08,  1.34225e-06,  5.65774e-10,  1.39828e-07,  1.71936e-06,  3.87749e-07,  4.52504e-09,
00:23:37,   1417857,  1.46820e-05,  2.76261e-08,  1.34673e-06,  5.65951e-10,  1.39729e-07,  1.71040e-06,  3.86999e-07,  4.72704e-09,
00:24:34,   1474601,  1.46927e-05,  2.71494e-08,  1.34673e-06,  5.65554e-10,  1.40118e-07,  1.71488e-06,  3.86624e-07,  4.94002e-09,
00:25:31,   1531346,  1.47629e-05,  2.58776e-08,  1.34673e-06,  5.71396e-10,  1.41869e-07,  1.71550e-06,  3.86499e-07,  4.85383e-09,
00:26:28,   1588091,  1.47843e-05,  2.73339e-08,  1.34823e-06,  5.64175e-10,  1.49399e-07,  1.72190e-06,  3.86624e-07,  4.74357e-09,
00:27:24,   1644815,  1.48469e-05,  2.71410e-08,  1.34823e-06,  5.64747e-10,  1.51123e-07,  1.71615e-06,  3.86999e-07,  4.84853e-09,
00:28:21,   1701561,  1.48530e-05,  2.74262e-08,  1.34673e-06,  5.76912e-10,  1.50473e-07,  1.72319e-06,  3.85249e-07,  4.76376e-09,
00:29:18,   1758307,  1.48881e-05,  2.70382e-08,  1.34823e-06,  5.70516e-10,  1.49986e-07,  1.72511e-06,  3.86499e-07,  4.66592e-09,
00:30:15,   1815052,  1.49049e-05,  2.67436e-08,  1.34524e-06,  5.69743e-10,  1.48786e-07,  1.71040e-06,  3.86749e-07,  4.53904e-09,
00:31:11,   1871796,  1.48866e-05,  2.71711e-08,  1.35271e-06,  5.75346e-10,  1.48817e-07,  1.72064e-06,  3.87374e-07,  4.35533e-09,
00:32:08,   1928541,  1.48744e-05,  2.70529e-08,  1.35420e-06,  5.70516e-10,  1.48458e-07,  1.71871e-06,  3.87623e-07,  4.36112e-09,
00:33:05,   1985286,  1.49247e-05,  2.71998e-08,  1.34673e-06,  5.65417e-10,  1.46127e-07,  1.70975e-06,  3.86873e-07,  4.19466e-09,
00:34:02,   2042031,  1.45140e-05,  2.63734e-08,  1.34673e-06,  5.66298e-10,  1.45182e-07,  1.72704e-06,  3.87123e-07,  4.10609e-09,
00:34:58,   2098776,  1.45781e-05,  2.67296e-08,  1.34972e-06,  5.71202e-10,  1.46059e-07,  1.72383e-06,  3.88123e-07,  4.07682e-09,
00:35:55,   2155521,  1.46087e-05,  2.67823e-08,  1.35271e-06,  5.68544e-10,  1.45182e-07,  1.71871e-06,  3.87374e-07,  3.91351e-09,
00:36:52,   2212266,  1.46270e-05,  2.65552e-08,  1.34823e-06,  5.76031e-10,  1.44532e-07,  1.72767e-06,  3.88249e-07,  3.82231e-09,
00:37:48,   2268990,  1.46637e-05,  2.64594e-08,  1.35420e-06,  5.79168e-10,  1.44761e-07,  1.72830e-06,  3.88623e-07,  3.63394e-09,
00:38:45,   2325735,  1.46285e-05,  2.64006e-08,  1.35271e-06,  5.75659e-10,  1.44309e-07,  1.72575e-06,  3.88623e-07,  3.64172e-09,
00:39:42,   2382457,  1.46163e-05,  2.62084e-08,  1.35121e-06,  5.74338e-10,  1.44211e-07,  1.72511e-06,  3.88999e-07,  3.61044e-09,
00:40:39,   2439201,  1.46530e-05,  2.74588e-08,  1.35420e-06,  6.00009e-10,  1.44891e-07,  1.72255e-06,  3.88623e-07,  3.64024e-09,
00:41:35,   2495947,  1.46652e-05,  2.60622e-08,  1.34823e-06,  7.84188e-10,  1.44278e-07,  1.71807e-06,  3.88499e-07,  3.29732e-09,
00:42:32,   2552691,  1.46988e-05,  2.73261e-08,  1.36017e-06,  1.88448e-09,  1.44699e-07,  1.72574e-06,  3.89374e-07,  2.71724e-09,
00:43:28,   2608568,  1.47064e-05,  2.70794e-08,  1.35868e-06,  2.98257e-09,  1.45472e-07,  1.72639e-06,  3.90249e-07,  2.21152e-09,
00:44:24,   2664445,  1.46865e-05,  2.65817e-08,  1.36614e-06,  3.56147e-09,  1.47778e-07,  1.72575e-06,  3.89249e-07,  2.13737e-09,
00:45:20,   2720323,  1.47079e-05,  2.70146e-08,  1.36316e-06,  4.14918e-09,  1.47971e-07,  1.73535e-06,  3.89374e-07,  2.07724e-09,
00:46:16,   2776200,  1.46957e-05,  2.63451e-08,  1.36316e-06,  5.08384e-09,  1.49206e-07,  1.72574e-06,  3.89249e-07,  2.03832e-09,
00:47:12,   2832056,  1.47217e-05,  2.64285e-08,  1.36764e-06,  5.18171e-09,  1.49918e-07,  1.73470e-06,  3.88873e-07,  2.06873e-09,
00:48:07,   2887933,  1.47400e-05,  2.68545e-08,  1.36465e-06,  4.52353e-09,  1.50770e-07,  1.72574e-06,  3.88999e-07,  2.06594e-09,
00:49:03,   2943810,  1.47217e-05,  2.64585e-08,  1.36166e-06,  3.90206e-09,  1.53262e-07,  1.73279e-06,  3.90123e-07,  2.00149e-09,
00:49:59,   2999687,  1.47492e-05,  2.62244e-08,  1.36316e-06,  3.61334e-09,  1.54431e-07,  1.72958e-06,  3.89499e-07,  2.07270e-09,
00:50:55,   3055563,  1.47995e-05,  2.68580e-08,  1.36166e-06,  3.32610e-09,  1.55147e-07,  1.71999e-06,  3.88373e-07,  1.99064e-09,
00:51:51,   3111440,  1.47904e-05,  2.66730e-08,  1.35868e-06,  3.07115e-09,  1.54758e-07,  1.72383e-06,  3.88873e-07,  2.05749e-09,
00:52:47,   3167317,  1.48057e-05,  2.66009e-08,  1.36465e-06,  2.96642e-09,  1.55698e-07,  1.72958e-06,  3.88623e-07,  2.03321e-09,
00:53:43,   3223193,  1.48133e-05,  2.67726e-08,  1.36017e-06,  2.92777e-09,  1.56124e-07,  1.72767e-06,  3.88249e-07,  1.96026e-09,
00:54:39,   3279048,  1.48087e-05,  2.75798e-08,  1.35569e-06,  2.78047e-09,  1.55864e-07,  1.73279e-06,  3.88873e-07,  1.96961e-09,
00:55:34,   3334925,  1.48484e-05,  2.66589e-08,  1.35868e-06,  2.66940e-09,  1.55147e-07,  1.72703e-06,  3.88123e-07,  1.98996e-09,
00:56:30,   3390802,  1.47812e-05,  2.69256e-08,  1.35868e-06,  2.59990e-09,  1.54659e-07,  1.72448e-06,  3.88623e-07,  1.99304e-09,
00:57:26,   3446678,  1.48285e-05,  2.66606e-08,  1.35569e-06,  2.46240e-09,  1.52941e-07,  1.72704e-06,  3.88123e-07,  2.05600e-09,
00:58:22,   3502555,  1.48163e-05,  2.64924e-08,  1.35569e-06,  2.32440e-09,  1.51351e-07,  1.73407e-06,  3.87374e-07,  1.92977e-09,
00:59:18,   3558433,  1.47476e-05,  2.60034e-08,  1.35718e-06,  2.25540e-09,  1.50245e-07,  1.72383e-06,  3.86624e-07,  1.97421e-09,
01:00:14,   3614310,  1.44300e-05,  2.60077e-08,  1.35121e-06,  2.11594e-09,  1.47586e-07,  1.71615e-06,  3.85499e-07,  1.96275e-09,
01:01:10,   3670166,  1.44895e-05,  2.61131e-08,  1.35121e-06,  2.09881e-09,  1.47778e-07,  1.71679e-06,  3.86123e-07,  1.96470e-09,
01:02:06,   3726043,  1.46071e-05,  2.57769e-08,  1.35569e-06,  2.11446e-09,  1.47394e-07,  1.71104e-06,  3.86373e-07,  2.01474e-09,
01:03:01,   3781920,  1.45873e-05,  2.58024e-08,  1.35271e-06,  2.13355e-09,  1.47357e-07,  1.72255e-06,  3.87374e-07,  2.07818e-09,
01:03:57,   3837776,  1.46178e-05,  2.64737e-08,  1.35121e-06,  2.11300e-09,  1.47457e-07,  1.71808e-06,  3.87123e-07,  1.95966e-09,
01:04:53,   3893653,  1.46957e-05,  2.71065e-08,  1.35121e-06,  2.08414e-09,  1.46677e-07,  1.72191e-06,  3.87123e-07,  1.99102e-09,
01:05:49,   3949530,  1.47201e-05,  2.66379e-08,  1.35569e-06,  2.08168e-09,  1.46252e-07,  1.72128e-06,  3.87374e-07,  1.98260e-09,
01:06:45,   4005407,  1.47323e-05,  2.70017e-08,  1.35868e-06,  2.05428e-09,  1.44600e-07,  1.72767e-06,  3.86999e-07,  1.99807e-09,
01:07:41,   4061283,  1.47934e-05,  2.68041e-08,  1.35121e-06,  2.04693e-09,  1.45057e-07,  1.71934e-06,  3.87999e-07,  1.95910e-09,
01:08:37,   4117160,  1.47705e-05,  2.74617e-08,  1.36166e-06,  2.02981e-09,  1.44371e-07,  1.72448e-06,  3.87749e-07,  1.91729e-09,
01:09:33,   4173038,  1.47950e-05,  2.69729e-08,  1.35569e-06,  2.01366e-09,  1.44730e-07,  1.72190e-06,  3.88249e-07,  1.98921e-09,
01:10:28,   4228915,  1.47812e-05,  2.67509e-08,  1.35569e-06,  1.98479e-09,  1.43982e-07,  1.72320e-06,  3.88373e-07,  1.89525e-09,
01:11:24,   4284792,  1.47675e-05,  2.68184e-08,  1.35718e-06,  2.01660e-09,  1.44075e-07,  1.71934e-06,  3.87873e-07,  1.88709e-09,
01:12:20,   4340670,  1.47828e-05,  2.63896e-08,  1.34972e-06,  1.97207e-09,  1.44211e-07,  1.72128e-06,  3.88249e-07,  1.87614e-09,
01:13:16,   4396547,  1.48087e-05,  2.58924e-08,  1.35718e-06,  1.99654e-09,  1.44304e-07,  1.72383e-06,  3.87499e-07,  1.89079e-09,
01:14:12,   4452423,  1.47950e-05,  2.58654e-08,  1.35420e-06,  1.97647e-09,  1.44403e-07,  1.71936e-06,  3.87623e-07,  1.93666e-09,
01:15:08,   4508300,  1.48255e-05,  2.64942e-08,  1.35718e-06,  1.97795e-09,  1.44470e-07,  1.72639e-06,  3.88499e-07,  1.97291e-09,
01:16:04,   4564156,  1.48255e-05,  2.67008e-08,  1.36017e-06,  1.96767e-09,  1.44470e-07,  1.72511e-06,  3.88123e-07,  1.93976e-09,
01:17:00,   4620033,  1.48041e-05,  2.61026e-08,  1.36166e-06,  1.96864e-09,  1.43982e-07,  1.72447e-06,  3.88499e-07,  1.90285e-09,
01:17:55,   4675910,  1.48484e-05,  2.73750e-08,  1.35718e-06,  1.98724e-09,  1.44501e-07,  1.72448e-06,  3.88373e-07,  1.97230e-09,
01:18:51,   4731787,  1.48576e-05,  2.62970e-08,  1.36017e-06,  2.02346e-09,  1.44725e-07,  1.72320e-06,  3.88123e-07,  1.89967e-09,
01:19:47,   4787665,  1.48667e-05,  2.68954e-08,  1.36166e-06,  1.97500e-09,  1.43816e-07,  1.72383e-06,  3.88873e-07,  1.95619e-09,
01:20:43,   4843543,  1.48408e-05,  2.64602e-08,  1.36166e-06,  2.02443e-09,  1.44273e-07,  1.72383e-06,  3.88249e-07,  1.91286e-09,
01:21:39,   4899420,  1.48774e-05,  2.63866e-08,  1.35718e-06,  2.05379e-09,  1.43852e-07,  1.72190e-06,  3.87999e-07,  1.95506e-09,
01:22:35,   4955276,  1.48820e-05,  2.70019e-08,  1.35569e-06,  2.05476e-09,  1.44341e-07,  1.72639e-06,  3.88999e-07,  1.88990e-09,
01:23:31,   5011153,  1.48805e-05,  2.62851e-08,  1.35868e-06,  1.98675e-09,  1.44569e-07,  1.72639e-06,  3.88749e-07,  1.92379e-09,
01:24:27,   5067030,  1.48576e-05,  2.62737e-08,  1.35868e-06,  2.01757e-09,  1.44242e-07,  1.72511e-06,  3.88623e-07,  1.89104e-09,
01:25:22,   5122907,  1.49156e-05,  2.62782e-08,  1.36166e-06,  1.98088e-09,  1.43982e-07,  1.72064e-06,  3.88499e-07,  1.87724e-09,
01:26:18,   5178785,  1.49446e-05,  2.67659e-08,  1.35271e-06,  1.99262e-09,  1.42845e-07,  1.71359e-06,  3.86624e-07,  1.87173e-09,
01:27:14,   5234662,  1.46728e-05,  2.66234e-08,  1.35271e-06,  1.97207e-09,  1.42684e-07,  1.71934e-06,  3.86624e-07,  1.86786e-09,
01:28:10,   5290538,  1.47965e-05,  2.67816e-08,  1.34972e-06,  1.99752e-09,  1.44371e-07,  1.72319e-06,  3.86123e-07,  1.81426e-09,
01:29:06,   5346415,  1.48102e-05,  2.69207e-08,  1.34972e-06,  2.03666e-09,  1.43530e-07,  1.72128e-06,  3.86499e-07,  1.87244e-09,
01:30:02,   5402292,  1.48423e-05,  2.69447e-08,  1.35121e-06,  2.01563e-09,  1.44013e-07,  1.71934e-06,  3.86749e-07,  1.85539e-09,
01:30:58,   5458168,  1.48743e-05,  2.63396e-08,  1.35420e-06,  2.04205e-09,  1.43203e-07,  1.71359e-06,  3.87499e-07,  1.86022e-09,
01:31:54,   5514045,  1.48347e-05,  2.69086e-08,  1.35271e-06,  2.03227e-09,  1.44081e-07,  1.72190e-06,  3.87999e-07,  1.89074e-09,
01:32:49,   5569922,  1.48759e-05,  2.66395e-08,  1.35868e-06,  1.98578e-09,  1.43982e-07,  1.71168e-06,  3.87999e-07,  1.83721e-09,
01:33:45,   5625798,  1.48774e-05,  2.66048e-08,  1.35271e-06,  2.00486e-09,  1.44112e-07,  1.72319e-06,  3.87249e-07,  1.85017e-09,
01:34:41,   5681675,  1.48560e-05,  2.65855e-08,  1.35271e-06,  1.99654e-09,  1.43042e-07,  1.71871e-06,  3.86999e-07,  1.87584e-09,
01:35:37,   5737552,  1.47247e-05,  2.61045e-08,  1.34823e-06,  1.96424e-09,  1.42326e-07,  1.71615e-06,  3.86873e-07,  1.93321e-09,
01:36:33,   5793428,  1.46835e-05,  2.67146e-08,  1.35420e-06,  1.96864e-09,  1.42814e-07,  1.71104e-06,  3.86624e-07,  1.91462e-09,
01:37:29,   5849305,  1.47095e-05,  2.63105e-08,  1.35868e-06,  2.01074e-09,  1.43104e-07,  1.71743e-06,  3.87249e-07,  1.92402e-09,
01:38:25,   5905182,  1.47232e-05,  2.69906e-08,  1.35271e-06,  2.02394e-09,  1.43463e-07,  1.72319e-06,  3.87249e-07,  1.92304e-09,
01:39:21,   5961058,  1.47660e-05,  2.64584e-08,  1.34972e-06,  2.02639e-09,  1.39734e-07,  1.70784e-06,  3.84624e-07,  1.91041e-09,
01:40:16,   6016935,  1.42590e-05,  2.64159e-08,  1.33778e-06,  1.95201e-09,  1.40835e-07,  1.70719e-06,  3.85249e-07,  1.84421e-09,
01:41:12,   6072812,  1.44865e-05,  2.59192e-08,  1.34225e-06,  1.95151e-09,  1.42133e-07,  1.71488e-06,  3.85373e-07,  1.81914e-09,
01:42:08,   6128668,  1.45598e-05,  2.63840e-08,  1.35271e-06,  1.99018e-09,  1.42035e-07,  1.71615e-06,  3.86624e-07,  1.89102e-09,
01:43:04,   6184545,  1.45781e-05,  2.61389e-08,  1.35420e-06,  1.96326e-09,  1.42492e-07,  1.71680e-06,  3.87374e-07,  1.93424e-09,
01:44:00,   6240401,  1.46025e-05,  2.68470e-08,  1.35121e-06,  1.99361e-09,  1.41972e-07,  1.71807e-06,  3.86749e-07,  1.92273e-09,
01:44:56,   6296278,  1.46331e-05,  2.60719e-08,  1.35121e-06,  2.01709e-09,  1.41806e-07,  1.72320e-06,  3.86873e-07,  1.87905e-09,
01:45:52,   6352155,  1.46575e-05,  2.69288e-08,  1.34972e-06,  1.98039e-09,  1.42066e-07,  1.71871e-06,  3.86123e-07,  1.82554e-09,
01:46:48,   6408032,  1.46682e-05,  2.61477e-08,  1.35569e-06,  2.01905e-09,  1.41837e-07,  1.71423e-06,  3.87374e-07,  1.81203e-09,
01:47:43,   6463908,  1.46972e-05,  2.61391e-08,  1.35420e-06,  2.00583e-09,  1.42128e-07,  1.71999e-06,  3.87873e-07,  1.87579e-09,
01:48:39,   6519785,  1.46881e-05,  2.68302e-08,  1.35718e-06,  2.02394e-09,  1.42492e-07,  1.71999e-06,  3.86749e-07,  1.79670e-09,
01:49:35,   6575662,  1.47583e-05,  2.59835e-08,  1.35271e-06,  2.04498e-09,  1.42357e-07,  1.71871e-06,  3.87123e-07,  1.90024e-09,
01:50:31,   6631538,  1.47553e-05,  2.65546e-08,  1.34823e-06,  2.04009e-09,  1.43203e-07,  1.71807e-06,  3.86624e-07,  1.82066e-09,
01:51:27,   6687415,  1.47888e-05,  2.64718e-08,  1.35271e-06,  2.00632e-09,  1.42720e-07,  1.71550e-06,  3.86373e-07,  1.84590e-09,
01:52:23,   6743292,  1.48362e-05,  2.61879e-08,  1.35121e-06,  2.02492e-09,  1.43011e-07,  1.72191e-06,  3.86873e-07,  1.82136e-09,
01:53:19,   6799168,  1.48453e-05,  2.71554e-08,  1.35121e-06,  2.00731e-09,  1.42845e-07,  1.71231e-06,  3.86624e-07,  1.82961e-09,
01:54:15,   6855045,  1.48286e-05,  2.66284e-08,  1.35718e-06,  2.01807e-09,  1.42424e-07,  1.71743e-06,  3.87249e-07,  1.80622e-09,
01:55:10,   6910922,  1.48163e-05,  2.61682e-08,  1.35718e-06,  1.97990e-09,  1.42814e-07,  1.71680e-06,  3.87249e-07,  1.79138e-09,
01:56:06,   6966798,  1.48270e-05,  2.69856e-08,  1.35121e-06,  2.01807e-09,  1.42455e-07,  1.71807e-06,  3.86249e-07,  1.77619e-09,
01:57:02,   7022653,  1.47003e-05,  2.63614e-08,  1.35271e-06,  1.99458e-09,  1.42066e-07,  1.72063e-06,  3.86373e-07,  1.81519e-09,
01:57:58,   7078530,  1.47889e-05,  2.66602e-08,  1.35718e-06,  1.99849e-09,  1.42201e-07,  1.72063e-06,  3.87249e-07,  1.81214e-09,
01:58:54,   7134407,  1.47293e-05,  2.71057e-08,  1.35569e-06,  1.97500e-09,  1.42720e-07,  1.72064e-06,  3.87374e-07,  1.81116e-09,
01:59:50,   7190283,  1.47675e-05,  2.62409e-08,  1.35271e-06,  1.99018e-09,  1.42424e-07,  1.71488e-06,  3.86999e-07,  1.81165e-09,
02:00:46,   7246160,  1.47797e-05,  2.60427e-08,  1.35420e-06,  1.98822e-09,  1.42523e-07,  1.70912e-06,  3.85623e-07,  1.83911e-09,
02:01:42,   7302037,  1.46743e-05,  2.59373e-08,  1.35271e-06,  1.97060e-09,  1.41998e-07,  1.71488e-06,  3.86123e-07,  1.81418e-09,
02:02:37,   7357913,  1.46911e-05,  2.66242e-08,  1.34972e-06,  1.98871e-09,  1.41546e-07,  1.70848e-06,  3.85874e-07,  1.81819e-09,
02:03:33,   7413790,  1.46713e-05,  2.65718e-08,  1.34673e-06,  2.00584e-09,  1.42294e-07,  1.71040e-06,  3.85749e-07,  1.77484e-09,
02:04:29,   7469668,  1.46957e-05,  2.67579e-08,  1.32882e-06,  1.94712e-09,  1.38597e-07,  1.70208e-06,  3.83124e-07,  1.77289e-09,
02:05:25,   7525545,  1.43231e-05,  2.53055e-08,  1.33927e-06,  1.95103e-09,  1.40378e-07,  1.70656e-06,  3.84123e-07,  1.80144e-09,
02:06:21,   7581422,  1.45109e-05,  2.63215e-08,  1.34375e-06,  1.98725e-09,  1.40539e-07,  1.71040e-06,  3.84499e-07,  1.76684e-09,
02:07:17,   7637278,  1.45659e-05,  2.62514e-08,  1.34076e-06,  1.98969e-09,  1.40705e-07,  1.71296e-06,  3.85623e-07,  1.83187e-09,
02:08:13,   7693155,  1.46392e-05,  2.61664e-08,  1.34375e-06,  1.97012e-09,  1.41843e-07,  1.70591e-06,  3.85874e-07,  1.79336e-09,
02:09:09,   7749033,  1.46346e-05,  2.62737e-08,  1.34823e-06,  1.99115e-09,  1.41676e-07,  1.71167e-06,  3.87123e-07,  1.78051e-09,
02:10:04,   7804910,  1.46759e-05,  2.61444e-08,  1.34972e-06,  1.97353e-09,  1.41972e-07,  1.72383e-06,  3.86999e-07,  1.76669e-09,
02:11:00,   7860787,  1.47277e-05,  2.64937e-08,  1.35718e-06,  2.01513e-09,  1.46807e-07,  1.64384e-06,  3.87749e-07,  1.79179e-09,
02:11:56,   7916665,  1.44102e-05,  2.54291e-08,  1.37361e-06,  2.03912e-09,  1.41162e-07,  1.71679e-06,  3.86499e-07,  1.78595e-09,
02:12:52,   7972542,  1.47354e-05,  2.64074e-08,  2.27690e-06,  1.83065e-09,  1.31456e-07,  1.78910e-06,  4.16123e-07,  1.82764e-09,
02:13:48,   8028418,  1.28694e-05,  7.98507e-08,  1.34972e-06,  1.97745e-09,  8.12116e-08,  1.21512e-06,  2.48624e-07,  1.34134e-09,
02:14:44,   8084295,  2.55923e-06,  7.61164e-06,  6.79339e-07,  6.53276e-10,  3.82014e-08,  8.44007e-07,  1.87999e-07,  1.26239e-09,
02:15:45,   8145962,  6.10793e-07,  7.61707e-06,  1.18145e-07,  7.85346e-10,  4.81538e-08,  8.03484e-07,  2.99874e-07,  8.00143e-09,
02:16:46,   8206780,  2.42436e-06,  3.20104e-06,  1.51893e-07,  8.21610e-09,  5.38444e-08,  1.01356e-06,  3.15249e-07,  3.04085e-07,
02:17:47,   8267175,  6.11861e-06,  3.26339e-07,  1.70244e-06,  2.96991e-07,  3.74884e-07,  1.58241e-06,  3.08999e-07,  3.35456e-07,
02:18:33,   8313581,  5.80405e-06,  2.09624e-07,  1.68517e-06,  2.94517e-07,  3.74073e-07,  1.56707e-06,  3.06874e-07,  3.40400e-07,
02:19:17,   8357243,  5.70482e-06,  1.88316e-07,  1.67258e-06,  2.93170e-07,  3.74011e-07,  1.56962e-06,  3.06249e-07,  3.42986e-07,
02:20:01,   8401656,  5.63611e-06,  1.68260e-07,  1.67167e-06,  2.94454e-07,  3.75309e-07,  1.56962e-06,  3.07249e-07,  3.42728e-07,
02:20:46,   8446070,  5.63152e-06,  1.50161e-07,  1.67333e-06,  2.90414e-07,  3.71996e-07,  1.57857e-06,  3.09249e-07,  3.42593e-07,
02:21:30,   8490461,  5.58875e-06,  1.36532e-07,  1.68368e-06,  2.94924e-07,  3.74110e-07,  1.58050e-06,  3.08749e-07,  3.43082e-07,
02:22:14,   8534873,  5.59027e-06,  1.22326e-07,  1.68538e-06,  2.95613e-07,  3.74593e-07,  1.57858e-06,  3.10124e-07,  3.42036e-07,
02:22:59,   8579287,  5.56891e-06,  1.10187e-07,  1.68407e-06,  2.92669e-07,  3.72386e-07,  1.58562e-06,  3.11749e-07,  3.41279e-07,
02:23:43,   8623700,  5.53839e-06,  1.00589e-07,  1.69311e-06,  2.94548e-07,  3.72354e-07,  1.57922e-06,  3.11499e-07,  3.42046e-07,
02:24:28,   8668112,  5.53380e-06,  9.25721e-08,  1.69218e-06,  2.93578e-07,  3.72095e-07,  1.58818e-06,  3.13499e-07,  3.41052e-07,
02:25:12,   8712526,  5.53073e-06,  8.37421e-08,  1.69658e-06,  2.93828e-07,  3.71352e-07,  1.58241e-06,  3.14124e-07,  3.41076e-07,
02:25:56,   8756938,  5.51395e-06,  7.62093e-08,  1.69414e-06,  2.93922e-07,  3.70017e-07,  1.59202e-06,  3.13624e-07,  3.41346e-07,
02:26:41,   8801351,  5.53380e-06,  7.06888e-08,  1.69619e-06,  2.92450e-07,  3.71965e-07,  1.58433e-06,  3.14624e-07,  3.40549e-07,
02:27:25,   8845763,  5.52311e-06,  6.41159e-08,  1.69676e-06,  2.89631e-07,  3.72027e-07,  1.58627e-06,  3.13374e-07,  3.43145e-07,
02:28:10,   8890176,  5.54143e-06,  6.02240e-08,  1.69908e-06,  2.94611e-07,  3.72811e-07,  1.58818e-06,  3.15624e-07,  3.40606e-07,
02:28:56,   8936178,  5.52461e-06,  5.52909e-08,  1.70039e-06,  2.93985e-07,  3.70667e-07,  1.59713e-06,  3.16999e-07,  3.40016e-07,
02:29:42,   8982181,  5.51086e-06,  5.15286e-08,  1.71083e-06,  2.95676e-07,  3.71705e-07,  1.59777e-06,  3.17749e-07,  3.37376e-07,
02:30:28,   9028183,  5.54755e-06,  4.75591e-08,  1.71356e-06,  2.95832e-07,  3.71902e-07,  1.59713e-06,  3.16749e-07,  3.39056e-07,
02:31:14,   9074187,  5.55364e-06,  4.50896e-08,  1.70936e-06,  2.94862e-07,  3.72546e-07,  1.59073e-06,  3.16624e-07,  3.39536e-07,
02:32:00,   9120191,  5.54448e-06,  4.24964e-08,  1.70394e-06,  2.96835e-07,  6.05879e-07,  3.55138e-07,  1.21999e-07,  3.22888e-07,
02:32:46,   9166195,  5.30014e-06,  3.42019e-08,  9.10194e-07,  2.74473e-07,  2.17385e-06,  6.02920e-07,  8.58748e-08,  3.38202e-07,
02:33:28,   9208363,  5.48339e-06,  3.51804e-08,  8.10443e-07,  2.89882e-07,  2.23581e-06,  5.63913e-07,  8.86948e-08,  3.41230e-07,
02:34:14,   9254367,  5.62084e-06,  3.29871e-08,  8.70733e-07,  2.90696e-07,  2.07333e-06,  6.52268e-07,  1.01320e-07,  3.43101e-07,
02:35:00,   9300372,  5.68800e-06,  3.05266e-08,  9.29051e-07,  2.91511e-07,  4.73165e-07,  1.01377e-06,  3.03155e-07,  3.43539e-07,
02:35:46,   9346375,  5.73534e-06,  3.16194e-08,  1.70300e-06,  2.95989e-07,  4.12436e-07,  1.59202e-06,  3.10936e-07,  3.39867e-07,
02:36:32,   9392378,  5.62998e-06,  3.05637e-08,  1.70385e-06,  2.93640e-07,  3.99582e-07,  1.58498e-06,  3.12694e-07,  3.40284e-07,
02:37:18,   9438381,  5.61930e-06,  2.86638e-08,  1.70188e-06,  2.92419e-07,  3.93189e-07,  1.59522e-06,  3.17038e-07,  3.38556e-07,
02:38:04,   9484383,  5.55973e-06,  2.70591e-08,  1.70833e-06,  2.94799e-07,  3.88942e-07,  1.58242e-06,  3.15609e-07,  3.40433e-07,
02:38:50,   9530386,  5.60402e-06,  2.66494e-08,  1.70142e-06,  2.94611e-07,  3.87742e-07,  1.58498e-06,  3.16679e-07,  3.40093e-07,
02:39:36,   9576388,  5.62386e-06,  2.50929e-08,  1.69685e-06,  2.92262e-07,  3.82969e-07,  1.59586e-06,  3.19069e-07,  3.40039e-07,
02:40:22,   9622391,  5.56586e-06,  2.51530e-08,  1.71681e-06,  3.02002e-07,  3.83618e-07,  1.58562e-06,  3.20631e-07,  3.38936e-07,
02:41:08,   9668395,  5.59943e-06,  2.41631e-08,  1.71674e-06,  2.95363e-07,  3.79594e-07,  1.59010e-06,  3.21492e-07,  3.40155e-07,
02:41:54,   9714398,  5.55823e-06,  2.35924e-08,  1.71839e-06,  2.98181e-07,  3.80113e-07,  1.60033e-06,  3.20366e-07,  3.41239e-07,
02:42:40,   9760402,  5.60402e-06,  2.29305e-08,  1.71419e-06,  2.92951e-07,  3.77709e-07,  1.60162e-06,  3.23217e-07,  3.40769e-07,
02:43:26,   9806407,  5.56432e-06,  2.28818e-08,  1.72129e-06,  2.98432e-07,  3.76769e-07,  1.60737e-06,  3.23859e-07,  3.39915e-07,
02:44:12,   9852411,  5.53839e-06,  2.21022e-08,  1.72746e-06,  3.00562e-07,  3.77480e-07,  1.59842e-06,  3.22944e-07,  3.40357e-07,
02:44:58,   9898413,  5.57655e-06,  2.14524e-08,  1.72550e-06,  2.96960e-07,  3.79038e-07,  1.59586e-06,  3.20920e-07,  3.42833e-07,
02:45:44,   9944416,  5.43757e-06,  2.20048e-08,  1.69378e-06,  3.01720e-07,  3.93065e-07,  1.52803e-06,  2.28295e-07,  4.25631e-07,
02:46:30,   9990418,  6.71568e-06,  7.97600e-08,  8.87157e-07,  1.93672e-07,  5.51812e-07,  3.39136e-07,  7.30499e-09,  7.61171e-07,
02:47:16,  10036422,  2.39748e-07,  7.61221e-06,  8.58506e-09,  2.19228e-10,  4.98841e-07,  1.42513e-07,  7.25827e-09,  7.61250e-07,
02:47:58,  10078368,  7.40282e-08,  7.60557e-06,  6.18690e-09,  8.36744e-11,  4.85758e-07,  1.34426e-07,  7.04497e-09,  8.96950e-07,
02:48:43,  10123440,  6.62418e-08,  8.87357e-06,  5.33751e-09,  7.98325e-11,  4.74365e-07,  1.26951e-07,  6.73595e-09,  8.71029e-07,
02:49:45,  10185974,  5.72314e-08,  8.63357e-06,  5.05368e-09,  7.22184e-11,  4.63527e-07,  1.21423e-07,  6.46785e-09,  8.52793e-07,
02:50:48,  10248509,  5.08473e-08,  8.39836e-06,  4.88854e-09,  6.83623e-11,  4.53950e-07,  1.16611e-07,  6.31898e-09,  8.43679e-07,
02:51:51,  10311044,  4.51668e-08,  8.19200e-06,  4.70519e-09,  6.93747e-11,  4.44831e-07,  1.12311e-07,  6.12173e-09,  8.36479e-07,
02:52:53,  10373579,  4.07398e-08,  8.06729e-06,  4.94424e-09,  6.48186e-11,  4.37919e-07,  1.08932e-07,  5.84541e-09,  8.24000e-07,
02:53:56,  10436114,  3.70898e-08,  7.91371e-06,  3.71860e-09,  6.23179e-11,  4.28960e-07,  1.05247e-07,  5.75185e-09,  8.09121e-07,
02:55:05,  10505769,  3.33786e-08,  7.77929e-06,  3.63035e-09,  6.00152e-11,  4.21363e-07,  1.01254e-07,  5.44673e-09,  8.01929e-07,
02:56:15,  10575424,  3.06325e-08,  7.65936e-06,  3.26619e-09,  5.79756e-11,  4.14648e-07,  9.83876e-08,  5.39371e-09,  7.92807e-07,
02:57:25,  10645079,  2.83091e-08,  7.54414e-06,  2.90233e-09,  5.69789e-11,  4.09065e-07,  9.57257e-08,  5.33809e-09,  7.85607e-07,
02:58:34,  10714734,  2.64473e-08,  7.52021e-06,  2.52997e-09,  5.54342e-11,  4.05851e-07,  9.35760e-08,  5.16241e-09,  7.78407e-07,
02:59:44,  10784389,  2.41702e-08,  7.40493e-06,  2.38275e-09,  5.35378e-11,  4.02573e-07,  9.15284e-08,  5.15928e-09,  7.72650e-07,
03:00:54,  10854044,  2.25701e-08,  7.31864e-06,  1.53918e-09,  5.25012e-11,  3.99520e-07,  8.94808e-08,  5.00202e-09,  7.62571e-07,
03:02:03,  10923678,  2.11481e-08,  7.22743e-06,  2.97774e-09,  5.16854e-11,  3.91408e-07,  8.76379e-08,  4.95045e-09,  7.59214e-07,
03:03:13,  10993332,  1.96969e-08,  7.21307e-06,  1.95201e-09,  5.03895e-11,  3.72713e-07,  8.61022e-08,  4.77574e-09,  7.52493e-07,
03:04:24,  11064047,  1.83710e-08,  7.15536e-06,  2.40201e-09,  4.87790e-11,  3.63983e-07,  8.48736e-08,  4.66822e-09,  7.54414e-07,
03:05:35,  11135292,  1.75562e-08,  7.09306e-06,  1.74164e-09,  4.84306e-11,  3.55705e-07,  8.44703e-08,  4.53864e-09,  7.42414e-07,
03:06:47,  11207287,  1.67096e-08,  7.09790e-06,  1.91379e-09,  4.73955e-11,  3.48787e-07,  8.30370e-08,  4.47329e-09,  7.44343e-07,
03:07:59,  11279282,  1.58330e-08,  6.97305e-06,  1.93156e-09,  4.70424e-11,  3.44051e-07,  8.17388e-08,  4.45617e-09,  7.34257e-07,
03:09:11,  11351277,  1.52640e-08,  6.93466e-06,  2.40232e-09,  4.57897e-11,  3.40057e-07,  8.08551e-08,  4.36823e-09,  7.33300e-07,
03:10:23,  11423272,  1.46752e-08,  6.94426e-06,  1.76763e-09,  4.47209e-11,  3.32948e-07,  7.98498e-08,  4.26198e-09,  7.32821e-07,
03:11:35,  11495267,  1.41038e-08,  6.90586e-06,  1.56756e-09,  4.48313e-11,  3.28508e-07,  7.91915e-08,  4.16419e-09,  7.28979e-07,
03:12:47,  11567262,  1.35390e-08,  6.83868e-06,  1.51335e-09,  4.38792e-11,  3.23148e-07,  7.82762e-08,  4.03997e-09,  7.22257e-07,
03:13:59,  11639257,  1.28771e-08,  6.79076e-06,  1.44422e-09,  4.29507e-11,  3.18054e-07,  7.76108e-08,  4.04283e-09,  7.18900e-07,
03:15:11,  11711252,  1.26682e-08,  6.74753e-06,  1.95799e-09,  4.26344e-11,  3.14450e-07,  7.69197e-08,  4.01827e-09,  7.16979e-07,
03:16:23,  11783247,  2.52277e-08,  6.57476e-06,  6.43829e-08,  7.87458e-10,  4.39705e-07,  2.61019e-07,  2.08956e-09,  6.49321e-07,
03:17:34,  11854182,  2.42200e-06,  3.14337e-06,  1.56297e-07,  7.83008e-10,  5.02570e-07,  2.60936e-07,  1.97729e-09,  6.62751e-07,
03:18:30,  11910337,  2.42436e-06,  2.94242e-06,  1.56592e-07,  8.21712e-09,  4.83647e-07,  2.65364e-07,  1.61907e-09,  6.73317e-07,
03:19:10,  11950791,  5.52309e-06,  2.94703e-06,  5.82007e-07,  2.80518e-07,  4.76380e-07,  1.01483e-06,  1.30327e-08,  3.51778e-07,
03:19:52,  11992543,  5.56280e-06,  1.71999e-07,  1.61754e-06,  2.89099e-07,  4.79174e-07,  1.01459e-06,  2.72734e-07,  3.42694e-07,
03:20:32,  12032372,  5.61470e-06,  1.57410e-07,  1.62910e-06,  2.91135e-07,  4.78525e-07,  1.51843e-06,  2.80335e-07,  3.46072e-07,
03:21:16,  12076035,  5.66970e-06,  1.44932e-07,  1.61585e-06,  2.84370e-07,  4.77875e-07,  1.52995e-06,  2.88881e-07,  3.44921e-07,
03:21:59,  12119697,  5.63761e-06,  1.31449e-07,  1.64254e-06,  2.93202e-07,  4.90208e-07,  1.53443e-06,  2.91593e-07,  3.45611e-07,
03:22:43,  12163340,  5.64527e-06,  1.19877e-07,  1.64674e-06,  2.95237e-07,  4.81578e-07,  1.54210e-06,  2.96085e-07,  3.45535e-07,
03:23:27,  12207002,  5.66661e-06,  1.09281e-07,  1.65617e-06,  2.93202e-07,  4.70636e-07,  1.55362e-06,  2.99843e-07,  3.45304e-07,
03:24:10,  12250666,  5.63916e-06,  9.98207e-08,  1.66026e-06,  2.93170e-07,  4.68948e-07,  1.56194e-06,  3.03217e-07,  3.44921e-07,
03:24:54,  12294328,  5.61775e-06,  9.06064e-08,  1.67958e-06,  2.97148e-07,  4.62426e-07,  1.56322e-06,  3.03992e-07,  3.45765e-07,
03:25:37,  12337991,  5.63000e-06,  8.36957e-08,  1.67810e-06,  2.98244e-07,  4.63885e-07,  1.56450e-06,  3.04694e-07,  3.45228e-07,
03:26:21,  12381653,  5.66970e-06,  7.64936e-08,  1.66800e-06,  2.95645e-07,  4.61158e-07,  1.56707e-06,  3.07530e-07,  3.44383e-07,
03:27:05,  12425317,  5.64832e-06,  7.03125e-08,  1.67939e-06,  2.97555e-07,  4.60961e-07,  1.56450e-06,  3.07593e-07,  3.44690e-07,
03:27:48,  12468980,  5.65748e-06,  6.45920e-08,  1.67885e-06,  2.95457e-07,  4.61319e-07,  1.57410e-06,  3.09258e-07,  3.44536e-07,
03:28:32,  12512643,  5.65136e-06,  5.99388e-08,  1.68565e-06,  2.99653e-07,  4.57295e-07,  1.57090e-06,  3.10062e-07,  3.44306e-07,
03:29:16,  12556286,  5.65745e-06,  5.51403e-08,  1.68518e-06,  2.95895e-07,  4.53140e-07,  1.58114e-06,  3.10451e-07,  3.44921e-07,
03:30:01,  12601538,  5.66970e-06,  5.19668e-08,  1.68742e-06,  2.97586e-07,  4.47625e-07,  1.58753e-06,  3.12242e-07,  3.44767e-07,
03:30:46,  12646791,  5.65595e-06,  4.79651e-08,  1.69590e-06,  2.98839e-07,  4.47334e-07,  1.58818e-06,  3.12155e-07,  3.45074e-07,
03:31:32,  12692045,  5.67273e-06,  4.49990e-08,  1.69238e-06,  2.99403e-07,  4.43533e-07,  1.58754e-06,  3.12350e-07,  3.45765e-07,
03:32:17,  12737300,  5.69870e-06,  4.21971e-08,  1.69115e-06,  2.93139e-07,  4.29059e-07,  1.60866e-06,  3.24405e-07,  3.42233e-07,
03:33:02,  12782553,  5.62845e-06,  4.01934e-08,  1.73268e-06,  3.00280e-07,  3.79755e-07,  1.62337e-06,  3.21976e-07,  3.43308e-07,
03:33:47,  12827807,  5.64830e-06,  3.71738e-08,  1.72735e-06,  2.95895e-07,  3.78976e-07,  1.61825e-06,  3.03674e-08,  4.46508e-07,
03:34:33,  12873062,  6.71261e-06,  3.80323e-08,  8.51503e-07,  2.88629e-07,  2.10251e-06,  7.72340e-07,  1.08078e-07,  3.38240e-07,
03:35:18,  12918316,  5.21161e-06,  3.08922e-08,  7.63129e-07,  2.85999e-07,  2.37269e-06,  4.71975e-07,  6.78660e-08,  3.35860e-07,
03:36:03,  12963568,  5.57655e-06,  2.89184e-08,  7.62114e-07,  2.81301e-07,  2.29482e-06,  5.29615e-07,  8.13198e-08,  3.37472e-07,
03:36:48,  13008822,  5.63000e-06,  2.84894e-08,  8.60924e-07,  2.89475e-07,  2.09001e-06,  6.54212e-07,  9.84298e-08,  3.39699e-07,
03:37:34,  13054077,  5.68648e-06,  2.72237e-08,  9.22333e-07,  2.90947e-07,  1.88572e-06,  1.01510e-06,  2.98523e-07,  3.44383e-07,
03:38:19,  13099330,  5.81780e-06,  2.74404e-08,  1.73369e-06,  3.00311e-07,  4.19805e-07,  1.61505e-06,  3.09530e-07,  3.40851e-07,
03:39:04,  13144145,  5.72007e-06,  2.72686e-08,  1.71738e-06,  2.98275e-07,  4.07050e-07,  1.60353e-06,  3.14648e-07,  3.39546e-07,
03:39:49,  13189398,  5.65900e-06,  2.59644e-08,  1.72335e-06,  2.96271e-07,  3.97900e-07,  1.61377e-06,  3.18562e-07,  3.39929e-07,
03:40:34,  13234652,  5.63152e-06,  2.49901e-08,  1.72932e-06,  2.99591e-07,  3.94067e-07,  1.61569e-06,  3.19374e-07,  3.41004e-07,
03:41:19,  13279906,  5.66357e-06,  2.45479e-08,  1.72662e-06,  2.95269e-07,  3.91149e-07,  1.62081e-06,  3.21936e-07,  3.40236e-07,
03:42:05,  13325158,  5.62541e-06,  2.39309e-08,  1.73343e-06,  2.97743e-07,  3.89102e-07,  1.61185e-06,  3.21694e-07,  3.42003e-07,
03:42:50,  13370390,  5.65441e-06,  2.32250e-08,  1.73017e-06,  2.95645e-07,  3.86927e-07,  1.61761e-06,  3.22858e-07,  3.41389e-07,
03:43:35,  13415643,  5.64373e-06,  2.33084e-08,  1.73343e-06,  2.98119e-07,  1.27364e-06,  4.01844e-07,  1.26453e-07,  3.29179e-07,
03:44:20,  13460896,  5.43300e-06,  2.00481e-08,  9.39129e-07,  2.66644e-07,  2.28865e-06,  5.07194e-07,  7.44136e-08,  3.35553e-07,
03:45:06,  13506148,  5.49409e-06,  2.01580e-08,  7.62203e-07,  2.83524e-07,  2.33036e-06,  5.01870e-07,  6.36949e-08,  3.43539e-07,
03:45:51,  13551402,  5.66511e-06,  2.08541e-08,  7.55394e-07,  2.90728e-07,  2.30537e-06,  3.32123e-07,  2.02974e-08,  3.96981e-07,
03:46:36,  13596655,  4.62216e-06,  7.98100e-08,  1.53694e-07,  5.02658e-08,  2.13720e-06,  1.43230e-07,  8.31248e-09,  7.60864e-07,
03:47:21,  13641907,  1.74076e-07,  7.61257e-06,  6.71874e-09,  1.25273e-10,  5.38469e-07,  1.34630e-07,  6.49342e-09,  8.66236e-07,
03:48:10,  13690022,  7.57384e-08,  7.61479e-06,  4.04110e-09,  7.04661e-11,  5.02444e-07,  1.28283e-07,  6.17034e-09,  8.52793e-07,
03:48:55,  13735095,  6.79643e-08,  8.36486e-06,  4.18264e-09,  7.43270e-11,  4.77875e-07,  1.22140e-07,  5.85480e-09,  8.34079e-07,
03:49:57,  13797629,  5.85605e-08,  8.18721e-06,  4.60397e-09,  6.72513e-11,  4.53789e-07,  1.17532e-07,  5.62503e-09,  8.24479e-07,
03:51:00,  13860164,  5.15827e-08,  8.04329e-06,  4.43361e-09,  6.45157e-11,  4.30778e-07,  1.13130e-07,  5.39636e-09,  8.12964e-07,
03:52:02,  13922699,  4.57336e-08,  7.96171e-06,  2.77722e-09,  6.15694e-11,  4.07866e-07,  1.09035e-07,  5.11800e-09,  8.01929e-07,
03:53:12,  13992354,  4.03586e-08,  7.80329e-06,  3.57122e-09,  5.92440e-11,  3.94846e-07,  1.05042e-07,  5.05023e-09,  7.98564e-07,
03:54:22,  14062009,  3.60661e-08,  7.68814e-06,  3.72053e-09,  5.66924e-11,  3.83390e-07,  1.01970e-07,  4.76480e-09,  7.92321e-07,
03:55:31,  14131643,  3.24039e-08,  7.59214e-06,  3.79219e-09,  5.49816e-11,  3.73326e-07,  9.87971e-08,  4.73034e-09,  7.80329e-07,
03:56:41,  14201297,  2.96698e-08,  7.47214e-06,  3.01178e-09,  5.35691e-11,  3.62030e-07,  9.64419e-08,  4.58430e-09,  7.74086e-07,
03:57:50,  14270952,  2.67820e-08,  7.48179e-06,  3.22290e-09,  5.19594e-11,  3.50963e-07,  9.38831e-08,  4.32602e-09,  7.71214e-07,
03:59:00,  14340607,  2.48909e-08,  7.32821e-06,  2.28153e-09,  4.97671e-11,  2.98808e-07,  9.34736e-08,  1.43691e-09,  7.78407e-07,
04:00:10,  14410262,  1.52845e-08,  7.43857e-06,  2.89607e-09,  3.83602e-11,  2.71969e-08,  8.85593e-08,  8.46198e-10,  7.31857e-07,
04:01:20,  14480977,  1.23300e-08,  7.05467e-06,  2.23406e-09,  3.57991e-11,  2.33627e-08,  8.58974e-08,  7.61610e-10,  7.19864e-07,
04:02:41,  14561170,  1.03955e-08,  6.94909e-06,  2.48085e-09,  3.40837e-11,  2.01706e-08,  8.38498e-08,  7.81210e-10,  7.13146e-07,
04:04:01,  14641384,  9.20330e-09,  6.86271e-06,  2.43188e-09,  3.31214e-11,  1.82283e-08,  8.29346e-08,  7.01373e-10,  7.03548e-07,
04:05:22,  14722349,  8.13230e-09,  6.80512e-06,  1.88601e-09,  3.18460e-11,  1.69742e-08,  8.12965e-08,  6.83699e-10,  7.00184e-07,
04:06:43,  14803314,  7.00627e-09,  6.75713e-06,  1.98351e-09,  3.11178e-11,  1.51840e-08,  7.97863e-08,  6.78549e-10,  6.99224e-07,
04:08:04,  14884279,  6.26323e-09,  6.70438e-06,  1.51918e-09,  3.11155e-11,  1.44104e-08,  7.84749e-08,  6.12860e-10,  6.97305e-07,
04:09:25,  14965244,  5.77805e-09,  6.59396e-06,  1.67117e-09,  2.98533e-11,  1.34458e-08,  7.73804e-08,  6.80686e-10,  6.91070e-07,
04:10:46,  15046209,  5.18300e-09,  6.57476e-06,  1.55113e-09,  2.93930e-11,  1.23279e-08,  7.64077e-08,  6.57286e-10,  6.84827e-07,
04:12:07,  15127174,  4.61675e-09,  6.50758e-06,  1.15293e-09,  2.92747e-11,  1.18809e-08,  7.53267e-08,  6.45649e-10,  6.77149e-07,
04:13:28,  15208118,  4.23130e-09,  6.44523e-06,  1.89842e-09,  2.82538e-11,  1.08159e-08,  7.44503e-08,  5.97649e-10,  6.77633e-07,
04:14:49,  15289082,  3.82666e-09,  6.44039e-06,  1.25387e-09,  2.80596e-11,  1.10626e-08,  7.35667e-08,  6.05086e-10,  6.74753e-07,
04:16:10,  15370048,  3.65243e-09,  6.38764e-06,  1.43721e-09,  7.88245e-10,  5.48986e-08,  2.74207e-07,  1.52937e-09,  6.92030e-07,
04:17:31,  15451012,  2.56470e-08,  3.30331e-06,  1.56268e-07,  7.83132e-10,  4.70896e-07,  2.69940e-07,  1.77564e-09,  6.88666e-07,
04:18:39,  15519122,  2.42175e-06,  3.06681e-06,  1.56867e-07,  8.21369e-09,  4.76219e-07,  2.73983e-07,  1.30133e-08,  6.07566e-07,
04:19:32,  15572075,  2.41898e-06,  1.21628e-06,  1.42436e-06,  2.89600e-07,  4.79657e-07,  1.01490e-06,  1.29771e-08,  3.52061e-07,
04:20:12,  15612132,  5.71091e-06,  1.66624e-07,  1.66147e-06,  2.93452e-07,  4.78265e-07,  1.01418e-06,  2.91209e-07,  3.52829e-07,
04:20:52,  15652712,  5.71702e-06,  1.56972e-07,  1.66717e-06,  2.97806e-07,  4.79044e-07,  1.57730e-06,  2.95547e-07,  3.54289e-07,
04:21:37,  15697125,  5.73993e-06,  1.40663e-07,  1.66969e-06,  2.95864e-07,  4.79792e-07,  1.58498e-06,  3.01312e-07,  3.53290e-07,
04:22:21,  15741537,  5.70482e-06,  1.28907e-07,  1.68508e-06,  3.01752e-07,  4.76644e-07,  1.59010e-06,  3.04679e-07,  3.52676e-07,
04:23:05,  15785952,  5.72007e-06,  1.16138e-07,  1.68556e-06,  3.01752e-07,  4.77294e-07,  1.59777e-06,  3.06312e-07,  3.52139e-07,
04:23:50,  15830366,  5.71855e-06,  1.06586e-07,  1.69143e-06,  3.01626e-07,  4.72812e-07,  1.58370e-06,  3.07070e-07,  3.53136e-07,
04:24:34,  15874778,  5.74145e-06,  9.74250e-08,  1.68350e-06,  2.97774e-07,  4.68948e-07,  1.59138e-06,  3.08638e-07,  3.52676e-07,
04:25:19,  15919191,  5.74300e-06,  8.71514e-08,  1.69115e-06,  3.01564e-07,  4.64404e-07,  1.59457e-06,  3.09452e-07,  3.52906e-07,
04:26:03,  15963603,  5.77505e-06,  8.07243e-08,  1.68649e-06,  3.00217e-07,  4.61387e-07,  1.59650e-06,  3.13742e-07,  3.50142e-07,
04:26:48,  16008016,  5.71091e-06,  7.34679e-08,  1.69553e-06,  3.00843e-07,  4.60930e-07,  1.60162e-06,  3.14717e-07,  3.50219e-07,
04:27:32,  16052428,  5.74145e-06,  6.64195e-08,  1.70338e-06,  2.99434e-07,  4.51354e-07,  1.60993e-06,  3.15467e-07,  3.49989e-07,
04:28:16,  16096842,  5.71857e-06,  6.20581e-08,  1.70608e-06,  3.02535e-07,  4.51489e-07,  1.60673e-06,  3.16210e-07,  3.49451e-07,
04:29:01,  16141255,  5.73841e-06,  5.77159e-08,  1.70842e-06,  3.00781e-07,  4.48856e-07,  1.60737e-06,  3.17499e-07,  3.48990e-07,
04:29:47,  16187258,  5.73230e-06,  5.27224e-08,  1.70608e-06,  3.00280e-07,  4.47947e-07,  1.60289e-06,  3.17420e-07,  3.48529e-07,
04:30:33,  16233262,  5.72161e-06,  4.98438e-08,  1.71328e-06,  3.02754e-07,  4.41943e-07,  1.60993e-06,  3.18302e-07,  3.48914e-07,
04:31:19,  16279266,  5.72161e-06,  4.59725e-08,  1.71010e-06,  3.02034e-07,  4.39347e-07,  1.61121e-06,  3.18398e-07,  3.49067e-07,
04:32:05,  16325268,  5.73841e-06,  4.28768e-08,  1.73558e-06,  2.99497e-07,  3.84756e-07,  1.62785e-06,  3.15515e-07,  6.24190e-07,
04:32:51,  16371271,  9.86891e-06,  4.27591e-08,  7.01361e-07,  3.00374e-07,  2.09605e-06,  6.94910e-07,  9.89523e-08,  3.36167e-07,
04:33:37,  16417273,  5.51089e-06,  3.21066e-08,  8.98713e-07,  1.39084e-07,  2.28755e-06,  5.33404e-07,  8.13048e-08,  3.40236e-07,
04:34:19,  16459442,  5.61930e-06,  3.34210e-08,  8.12221e-07,  2.87846e-07,  2.19277e-06,  6.04661e-07,  9.30936e-08,  3.41849e-07,
04:35:04,  16504697,  5.67582e-06,  3.14471e-08,  8.87799e-07,  2.91135e-07,  2.04162e-06,  7.12877e-07,  2.97242e-07,  3.50526e-07,
04:35:49,  16549952,  5.88957e-06,  3.22049e-08,  1.73624e-06,  3.01752e-07,  4.24936e-07,  1.01438e-06,  3.12037e-07,  3.45074e-07,
04:36:35,  16595207,  5.77048e-06,  3.12686e-08,  1.72224e-06,  2.97712e-07,  4.07050e-07,  1.62273e-06,  3.17484e-07,  3.43769e-07,
04:37:20,  16640461,  5.72773e-06,  2.90736e-08,  1.72233e-06,  2.96803e-07,  3.97838e-07,  1.62209e-06,  3.21077e-07,  3.43154e-07,
04:38:05,  16685713,  5.68648e-06,  2.88777e-08,  1.73064e-06,  2.97868e-07,  3.91476e-07,  1.62209e-06,  3.20749e-07,  3.45381e-07,
04:38:50,  16730966,  5.68800e-06,  2.71126e-08,  1.73101e-06,  2.98620e-07,  3.91440e-07,  1.61505e-06,  3.23366e-07,  3.44076e-07,
04:39:36,  16776218,  5.70786e-06,  2.64352e-08,  1.72821e-06,  2.97899e-07,  3.89653e-07,  1.62017e-06,  3.23319e-07,  3.43999e-07,
04:40:21,  16821472,  5.70175e-06,  2.55254e-08,  1.72746e-06,  2.98119e-07,  3.88126e-07,  1.62721e-06,  3.24686e-07,  3.44383e-07,
04:41:06,  16866724,  5.66664e-06,  2.47931e-08,  1.73482e-06,  2.99058e-07,  3.87841e-07,  1.62465e-06,  3.23374e-07,  3.45458e-07,
04:41:51,  16911976,  5.69107e-06,  2.42996e-08,  1.72558e-06,  2.98119e-07,  3.88261e-07,  1.62529e-06,  3.23069e-07,  3.45842e-07,
04:42:37,  16957228,  5.71857e-06,  2.39574e-08,  1.72735e-06,  2.98682e-07,  3.87285e-07,  1.62401e-06,  3.23802e-07,  3.45611e-07,
04:43:22,  17002482,  5.70482e-06,  2.37189e-08,  1.72699e-06,  2.98119e-07,  3.85665e-07,  1.61952e-06,  3.24593e-07,  3.45765e-07,
04:44:07,  17047736,  5.70482e-06,  2.32497e-08,  1.73165e-06,  2.98933e-07,  3.87352e-07,  1.62145e-06,  3.23670e-07,  3.46072e-07,
04:44:52,  17092988,  5.74911e-06,  2.24701e-08,  1.72690e-06,  2.98307e-07,  1.92428e-06,  5.81010e-07,  1.11992e-07,  3.30561e-07,
04:45:38,  17138240,  5.36125e-06,  1.99566e-08,  7.79925e-07,  2.84276e-07,  2.30991e-06,  5.52139e-07,  4.48912e-08,  3.47301e-07,
04:46:23,  17183492,  5.25589e-06,  7.97057e-08,  5.36185e-07,  2.37894e-07,  2.50064e-06,  1.99335e-07,  2.74686e-08,  4.93501e-07,
04:47:08,  17228748,  2.90127e-07,  4.96980e-06,  6.24096e-09,  3.44501e-10,  2.20222e-06,  8.97879e-08,  2.47886e-08,  5.55544e-07,
04:47:52,  17272168,  1.00170e-07,  5.29067e-06,  4.25265e-09,  1.07656e-10,  1.79767e-06,  9.69543e-08,  8.14873e-09,  7.61943e-07,
04:48:36,  17316400,  7.61952e-08,  7.61164e-06,  5.80603e-09,  8.08012e-11,  5.10850e-07,  1.24699e-07,  6.43297e-09,  8.44636e-07,
04:49:39,  17379684,  6.25770e-08,  7.60329e-06,  5.03606e-09,  6.87875e-11,  4.68040e-07,  1.19273e-07,  6.06010e-09,  8.31686e-07,
04:50:39,  17439136,  5.46659e-08,  8.17286e-06,  3.98719e-09,  6.35033e-11,  4.39965e-07,  1.15485e-07,  5.75926e-09,  8.23521e-07,
04:51:41,  17501668,  4.86191e-08,  7.99529e-06,  4.37464e-09,  6.20400e-11,  4.17535e-07,  1.10366e-07,  5.51567e-09,  8.14407e-07,
04:52:51,  17571324,  4.27236e-08,  7.89929e-06,  3.58765e-09,  5.84791e-11,  3.99655e-07,  1.06475e-07,  5.16872e-09,  8.02893e-07,
04:54:00,  17640980,  3.79448e-08,  7.78886e-06,  3.03538e-09,  5.68693e-11,  3.84719e-07,  1.03302e-07,  5.07565e-09,  7.99050e-07,
04:55:10,  17710634,  3.38673e-08,  7.70250e-06,  2.87472e-09,  5.44703e-11,  3.71804e-07,  9.98210e-08,  4.79395e-09,  7.90886e-07,
04:56:20,  17780268,  3.04027e-08,  7.58736e-06,  3.28635e-09,  5.32645e-11,  3.58722e-07,  9.71590e-08,  4.70428e-09,  7.79371e-07,
04:57:29,  17849924,  2.75295e-08,  7.55850e-06,  1.60817e-09,  5.08045e-11,  3.35903e-07,  9.50093e-08,  2.28676e-09,  8.20643e-07,
04:58:39,  17919580,  1.86585e-08,  7.66414e-06,  2.21165e-09,  3.87407e-11,  2.98611e-08,  9.14260e-08,  1.01781e-09,  7.46736e-07,
04:59:50,  17990294,  1.43414e-08,  7.18900e-06,  2.70197e-09,  3.55165e-11,  2.49696e-08,  8.84570e-08,  8.08936e-10,  7.33300e-07,
05:01:10,  18070508,  1.20289e-08,  7.06903e-06,  1.81421e-09,  3.51086e-11,  2.14171e-08,  8.56927e-08,  7.21673e-10,  7.23700e-07,
05:02:30,  18150724,  1.06058e-08,  6.99709e-06,  1.75269e-09,  3.39028e-11,  1.95689e-08,  8.49053e-08,  7.21323e-10,  7.15536e-07,
05:03:51,  18231688,  9.20207e-09,  6.91070e-06,  2.39217e-09,  3.28286e-11,  1.76001e-08,  8.31270e-08,  7.47473e-10,  7.15536e-07,
05:05:12,  18312654,  8.26759e-09,  6.79552e-06,  2.03503e-09,  3.21881e-11,  1.64044e-08,  8.15012e-08,  7.28199e-10,  7.09783e-07,
05:06:33,  18393620,  6.99566e-09,  6.73317e-06,  1.07933e-09,  3.07185e-11,  1.53075e-08,  7.98754e-08,  6.86599e-10,  7.03548e-07,
05:07:54,  18474584,  6.32693e-09,  6.64679e-06,  1.59906e-09,  2.99481e-11,  1.35619e-08,  7.84871e-08,  6.63260e-10,  7.00184e-07,
05:09:15,  18555548,  5.71507e-09,  6.59880e-06,  1.11665e-09,  2.97946e-11,  1.31184e-08,  7.72022e-08,  6.99173e-10,  6.91070e-07,
05:10:36,  18636514,  5.33841e-09,  6.51717e-06,  1.68714e-09,  2.88511e-11,  1.24615e-08,  7.61068e-08,  6.32836e-10,  6.88666e-07,
05:11:57,  18717480,  4.86123e-09,  6.48838e-06,  1.22968e-09,  2.83454e-11,  1.17214e-08,  7.50256e-08,  6.31649e-10,  6.85311e-07,
05:13:18,  18798424,  4.53109e-09,  6.38756e-06,  1.74328e-09,  2.87079e-11,  1.11793e-08,  7.40346e-08,  5.68912e-10,  6.80988e-07,
05:14:39,  18879388,  3.95339e-09,  6.13363e-06,  1.86511e-09,  2.81168e-11,  1.01876e-08,  7.32595e-08,  6.92573e-10,  6.71874e-07,
05:15:57,  18957268,  3.61189e-09,  6.08756e-06,  1.98694e-09,  7.84829e-10,  5.31498e-08,  2.84292e-07,  1.70578e-09,  7.01628e-07,
05:17:16,  19036736,  2.51414e-08,  3.55440e-06,  1.54532e-07,  7.83445e-10,  5.39353e-07,  2.68442e-07,  2.24930e-09,  6.80996e-07,
05:18:24,  19104848,  2.42150e-06,  3.03686e-06,  1.55554e-07,  8.21908e-09,  5.35870e-07,  2.73394e-07,  1.91092e-09,  6.91546e-07,
05:19:17,  19157800,  2.42314e-06,  2.97314e-06,  5.88068e-07,  2.86343e-07,  5.36425e-07,  1.01472e-06,  1.29598e-08,  3.70006e-07,
05:20:04,  19204070,  5.81170e-06,  1.71231e-07,  1.62797e-06,  2.97774e-07,  5.46454e-07,  1.01356e-06,  1.29901e-08,  3.56515e-07,
05:20:46,  19246238,  5.81016e-06,  1.57456e-07,  1.63293e-06,  2.95895e-07,  5.57034e-07,  1.53763e-06,  2.86914e-07,  3.56592e-07,
05:21:30,  19290652,  5.79489e-06,  1.44649e-07,  1.63722e-06,  2.99873e-07,  5.60546e-07,  1.54723e-06,  2.91451e-07,  3.55824e-07,
05:22:15,  19335064,  5.78116e-06,  1.29721e-07,  1.63825e-06,  2.98839e-07,  5.51681e-07,  1.55618e-06,  2.93664e-07,  3.56976e-07,
05:22:59,  19379478,  5.79948e-06,  1.18825e-07,  1.64301e-06,  2.99434e-07,  5.49019e-07,  1.55874e-06,  2.97726e-07,  3.54979e-07,
05:23:43,  19423892,  5.78116e-06,  1.06348e-07,  1.65757e-06,  3.00562e-07,  5.41425e-07,  1.55810e-06,  3.00515e-07,  3.53444e-07,
05:24:28,  19468304,  5.79795e-06,  9.75171e-08,  1.65206e-06,  2.94924e-07,  5.22435e-07,  1.57347e-06,  3.05249e-07,  3.52599e-07,
05:25:12,  19512716,  5.76741e-06,  8.85871e-08,  1.66811e-06,  2.99090e-07,  5.08348e-07,  1.58690e-06,  3.07186e-07,  3.52599e-07,
05:25:57,  19557128,  5.75673e-06,  8.18764e-08,  1.67976e-06,  3.00906e-07,  4.98126e-07,  1.57858e-06,  3.09217e-07,  3.51985e-07,
05:26:41,  19601540,  5.75368e-06,  7.40514e-08,  1.68172e-06,  3.00593e-07,  4.93285e-07,  1.59202e-06,  3.11115e-07,  3.50986e-07,
05:27:25,  19645952,  5.75825e-06,  6.83391e-08,  1.69088e-06,  3.01282e-07,  4.90140e-07,  1.58753e-06,  3.12585e-07,  3.50756e-07,
05:28:10,  19690366,  5.73382e-06,  6.32022e-08,  1.69099e-06,  3.00154e-07,  4.85531e-07,  1.59650e-06,  3.14381e-07,  3.49451e-07,
05:28:54,  19734780,  5.73230e-06,  5.87772e-08,  1.70347e-06,  3.03224e-07,  4.80633e-07,  1.59970e-06,  3.14420e-07,  3.49911e-07,
05:29:40,  19780784,  5.73384e-06,  5.42645e-08,  1.70124e-06,  3.02347e-07,  4.82902e-07,  1.59586e-06,  3.13828e-07,  3.50296e-07,
05:30:26,  19826786,  5.74757e-06,  5.01409e-08,  1.69293e-06,  3.03819e-07,  4.91473e-07,  1.59330e-06,  3.13537e-07,  3.50296e-07,
05:31:12,  19872790,  5.77048e-06,  4.62867e-08,  1.69367e-06,  3.02034e-07,  4.86831e-07,  1.59138e-06,  3.15280e-07,  3.48990e-07,
05:31:58,  19918792,  5.75216e-06,  4.34259e-08,  1.69843e-06,  2.98776e-07,  4.87444e-07,  1.59778e-06,  3.14874e-07,  3.49989e-07,
05:32:44,  19964796,  5.77352e-06,  4.05486e-08,  1.68967e-06,  2.98996e-07,  4.86604e-07,  1.60545e-06,  3.16405e-07,  3.49144e-07,
05:33:30,  20010798,  5.75673e-06,  3.77244e-08,  1.70142e-06,  2.98495e-07,  4.80280e-07,  1.59650e-06,  3.17053e-07,  3.48683e-07,
05:34:16,  20056802,  5.74757e-06,  3.57379e-08,  1.70124e-06,  3.03067e-07,  1.85304e-06,  3.95446e-07,  1.46014e-07,  3.25647e-07,
05:35:02,  20102808,  5.37498e-06,  3.16529e-08,  8.95175e-07,  2.79202e-07,  2.17934e-06,  7.66525e-07,  1.00633e-07,  3.34171e-07,
05:35:44,  20144976,  5.43455e-06,  2.99084e-08,  8.00828e-07,  2.83618e-07,  2.26560e-06,  5.72615e-07,  8.92186e-08,  3.40697e-07,
05:36:30,  20190230,  5.64218e-06,  2.88316e-08,  8.58506e-07,  2.88222e-07,  2.14029e-06,  6.43258e-07,  9.91723e-08,  3.43308e-07,
05:37:15,  20235482,  5.69107e-06,  2.78236e-08,  9.12913e-07,  2.91009e-07,  5.80797e-07,  1.01459e-06,  1.14726e-07,  3.38240e-07,
05:38:00,  20280736,  5.83461e-06,  2.87965e-08,  8.65029e-07,  2.88661e-07,  2.08898e-06,  7.26269e-07,  1.18444e-07,  3.21271e-07,
05:38:45,  20325992,  5.36277e-06,  1.68507e-08,  1.08947e-06,  2.79735e-07,  2.21325e-06,  6.14930e-07,  9.04523e-08,  3.39315e-07,
05:39:30,  20370828,  5.64373e-06,  2.46826e-08,  8.74839e-07,  2.91511e-07,  2.11906e-06,  6.51449e-07,  1.01476e-07,  3.41772e-07,
05:40:16,  20416080,  5.72925e-06,  2.32439e-08,  1.57086e-06,  3.04602e-07,  5.39246e-07,  1.01356e-06,  2.98843e-07,  3.45074e-07,
05:41:01,  20461332,  5.79948e-06,  2.54986e-08,  1.68631e-06,  3.01407e-07,  5.09386e-07,  1.57986e-06,  3.05749e-07,  3.42540e-07,
05:41:46,  20506586,  5.74911e-06,  2.42527e-08,  1.69499e-06,  2.97524e-07,  4.84691e-07,  1.59138e-06,  3.09242e-07,  3.43385e-07,
05:42:31,  20551838,  5.71857e-06,  2.31102e-08,  1.69871e-06,  2.98432e-07,  4.73975e-07,  1.58562e-06,  3.12436e-07,  3.42617e-07,
05:43:17,  20597092,  5.69259e-06,  2.38154e-08,  1.73314e-06,  2.96584e-07,  3.93195e-07,  1.63552e-06,  3.23124e-07,  3.41081e-07,
05:44:02,  20642326,  5.65136e-06,  2.27156e-08,  1.73688e-06,  2.97179e-07,  3.89689e-07,  1.62657e-06,  3.23077e-07,  3.42694e-07,
05:44:47,  20687558,  5.67884e-06,  2.21409e-08,  1.72886e-06,  2.94611e-07,  3.87871e-07,  1.63041e-06,  3.24476e-07,  3.42386e-07,
05:45:32,  20732812,  5.66816e-06,  2.13881e-08,  1.73613e-06,  2.98588e-07,  3.93387e-07,  1.59522e-06,  2.99249e-07,  3.68186e-07,
05:46:18,  20778064,  6.11098e-06,  4.15266e-08,  1.57143e-06,  3.64138e-07,  5.72034e-07,  5.95088e-07,  7.64873e-09,  7.60636e-07,
05:47:03,  20823318,  7.97086e-07,  7.93750e-08,  1.50200e-08,  1.00218e-09,  5.07343e-07,  1.50807e-07,  7.75251e-09,  9.31979e-07,
05:47:49,  20869940,  7.98918e-08,  7.61186e-06,  5.05278e-09,  8.95543e-11,  4.91797e-07,  1.34323e-07,  7.47891e-09,  9.02714e-07,
05:48:35,  20915762,  6.88048e-08,  7.60943e-06,  4.97932e-09,  7.36169e-11,  4.77226e-07,  1.27770e-07,  7.15859e-09,  8.79193e-07,
05:49:35,  20975212,  6.01191e-08,  8.62400e-06,  4.61322e-09,  6.68841e-11,  4.65375e-07,  1.21730e-07,  6.86334e-09,  8.68636e-07,
05:50:37,  21037748,  5.38548e-08,  8.42721e-06,  3.76264e-09,  6.64386e-11,  4.53789e-07,  1.16816e-07,  6.63493e-09,  8.47514e-07,
05:51:40,  21100282,  4.74586e-08,  8.24957e-06,  4.16561e-09,  6.42612e-11,  4.45709e-07,  1.13028e-07,  6.42776e-09,  8.38393e-07,
05:52:42,  21162816,  4.23891e-08,  8.15357e-06,  3.89089e-09,  6.01922e-11,  4.35125e-07,  1.08113e-07,  6.18090e-09,  8.20157e-07,
05:53:52,  21232472,  3.81282e-08,  7.91850e-06,  3.51583e-09,  5.74221e-11,  4.27179e-07,  1.04223e-07,  6.00594e-09,  8.12486e-07,
05:55:02,  21302128,  3.41434e-08,  7.79857e-06,  3.30725e-09,  5.50434e-11,  4.18122e-07,  1.00435e-07,  5.74790e-09,  7.97607e-07,
05:56:11,  21371782,  3.12725e-08,  7.66407e-06,  2.12954e-09,  5.39497e-11,  4.00917e-07,  9.78752e-08,  5.43881e-09,  7.92329e-07,
05:57:21,  21441436,  2.81257e-08,  7.58257e-06,  2.96013e-09,  5.20666e-11,  3.86080e-07,  9.56229e-08,  5.28853e-09,  7.89443e-07,
05:58:31,  21511092,  2.55311e-08,  7.48657e-06,  2.42933e-09,  5.02901e-11,  3.74333e-07,  9.24498e-08,  5.07534e-09,  7.80807e-07,
05:59:40,  21580748,  2.37427e-08,  7.40493e-06,  1.92722e-09,  4.85981e-11,  3.65800e-07,  9.08117e-08,  4.91876e-09,  7.73614e-07,
06:00:50,  21650380,  2.19886e-08,  7.31379e-06,  3.06597e-09,  4.82427e-11,  3.56676e-07,  8.84570e-08,  4.87440e-09,  7.66893e-07,
06:02:00,  21720034,  2.05373e-08,  7.25621e-06,  1.82868e-09,  4.71027e-11,  3.50283e-07,  8.69212e-08,  4.82699e-09,  7.65457e-07,
06:03:09,  21789688,  1.92864e-08,  7.19864e-06,  1.94156e-09,  4.63495e-11,  3.43760e-07,  8.56927e-08,  4.65022e-09,  7.51057e-07,
06:04:20,  21860404,  1.82371e-08,  7.13146e-06,  1.74208e-09,  4.54483e-11,  3.34054e-07,  8.49760e-08,  4.52415e-09,  7.50100e-07,
06:05:32,  21932400,  1.69761e-08,  7.03071e-06,  1.94574e-09,  4.40797e-11,  3.26067e-07,  8.35048e-08,  4.41207e-09,  7.46257e-07,
06:06:44,  22004394,  1.59956e-08,  6.99709e-06,  1.74896e-09,  4.34541e-11,  2.28341e-07,  8.41570e-08,  8.87973e-10,  7.25136e-07,
06:07:56,  22076388,  7.84877e-09,  6.76673e-06,  2.33782e-09,  3.23283e-11,  1.84048e-08,  7.77520e-08,  7.04773e-10,  6.74269e-07,
06:09:15,  22155014,  5.82255e-09,  6.40676e-06,  1.74299e-09,  3.12283e-11,  1.52169e-08,  7.57167e-08,  7.09849e-10,  6.73794e-07,
06:10:35,  22235980,  5.49916e-09,  6.08986e-06,  2.68764e-09,  3.00616e-11,  1.37569e-08,  7.43930e-08,  6.32449e-10,  6.63235e-07,
06:11:53,  22313860,  4.72843e-09,  6.02152e-06,  1.52097e-09,  2.90359e-11,  1.27566e-08,  7.33814e-08,  6.33886e-10,  6.57000e-07,
06:13:11,  22391740,  4.38182e-09,  5.95779e-06,  1.40644e-09,  2.87854e-11,  1.15113e-08,  7.23197e-08,  6.25999e-10,  6.52194e-07,
06:14:29,  22469620,  4.03609e-09,  5.89944e-06,  1.49618e-09,  2.86296e-11,  1.10345e-08,  7.16091e-08,  6.39623e-10,  6.46919e-07,
06:15:47,  22547500,  3.58205e-09,  5.85183e-06,  6.04238e-10,  2.73878e-11,  5.33783e-08,  2.70298e-07,  1.85309e-09,  6.68994e-07,
06:17:05,  22625380,  2.50118e-08,  3.71335e-06,  1.54460e-07,  7.86941e-10,  4.64212e-07,  2.70702e-07,  1.76819e-09,  6.85311e-07,
06:18:20,  22700610,  2.42177e-06,  3.11442e-06,  1.57068e-07,  7.83547e-10,  4.65542e-07,  2.73325e-07,  1.66490e-09,  6.92514e-07,
06:19:14,  22754430,  2.41923e-06,  3.04378e-06,  5.78468e-07,  8.22105e-09,  4.76021e-07,  1.01496e-06,  1.30260e-08,  3.60408e-07,
06:20:00,  22800672,  5.67884e-06,  1.72767e-07,  1.65158e-06,  2.89694e-07,  4.74988e-07,  1.01449e-06,  1.29763e-08,  3.49835e-07,
06:20:42,  22842842,  5.68191e-06,  1.57126e-07,  1.66410e-06,  2.91855e-07,  4.73171e-07,  1.58178e-06,  2.98302e-07,  3.50142e-07,
06:21:27,  22887256,  5.68039e-06,  1.43351e-07,  1.66969e-06,  2.93452e-07,  4.74469e-07,  1.58114e-06,  3.01584e-07,  3.51678e-07,
06:22:11,  22931668,  5.73382e-06,  1.29767e-07,  1.66690e-06,  2.91761e-07,  4.69109e-07,  1.59202e-06,  3.03944e-07,  3.51831e-07,
06:22:56,  22976080,  5.74909e-06,  1.17481e-07,  1.67847e-06,  2.94079e-07,  4.66741e-07,  1.59137e-06,  3.09584e-07,  3.50065e-07,
06:23:40,  23020492,  5.70786e-06,  1.06731e-07,  1.68808e-06,  2.96208e-07,  4.63849e-07,  1.59394e-06,  3.10888e-07,  3.49911e-07,
06:24:24,  23064906,  5.70330e-06,  9.71336e-08,  1.68808e-06,  2.96271e-07,  4.57004e-07,  1.60034e-06,  3.14343e-07,  3.49144e-07,
06:25:09,  23109320,  5.70023e-06,  8.85871e-08,  1.70104e-06,  2.95926e-07,  4.51099e-07,  1.60993e-06,  3.14929e-07,  3.49681e-07,
06:25:53,  23153712,  5.70786e-06,  8.20221e-08,  1.69657e-06,  2.97242e-07,  4.48207e-07,  1.61761e-06,  3.17788e-07,  3.47608e-07,
06:26:38,  23198124,  5.67884e-06,  7.37136e-08,  1.70740e-06,  2.96584e-07,  4.46877e-07,  1.60289e-06,  3.18037e-07,  3.47915e-07,
06:27:22,  23242538,  5.69718e-06,  6.86693e-08,  1.70403e-06,  2.95457e-07,  4.43694e-07,  1.61505e-06,  3.19898e-07,  3.47608e-07,
06:28:06,  23286952,  5.69564e-06,  6.30179e-08,  1.71431e-06,  2.97398e-07,  4.42400e-07,  1.61570e-06,  3.19381e-07,  3.48760e-07,
06:28:51,  23331364,  5.70482e-06,  5.84031e-08,  1.71281e-06,  2.96897e-07,  4.39866e-07,  1.62017e-06,  3.21242e-07,  3.47685e-07,
06:29:37,  23377366,  5.69870e-06,  5.34783e-08,  1.71643e-06,  2.96396e-07,  3.85078e-07,  1.65729e-06,  3.29686e-07,  3.45765e-07,
06:30:23,  23423368,  5.65900e-06,  5.00104e-08,  1.74594e-06,  2.96866e-07,  3.80372e-07,  1.65665e-06,  3.31803e-07,  3.43692e-07,
06:31:09,  23469372,  5.62541e-06,  4.65555e-08,  1.74735e-06,  2.98588e-07,  3.82029e-07,  1.65025e-06,  3.30812e-07,  3.44767e-07,
06:31:55,  23515372,  5.68648e-06,  4.23726e-08,  1.74089e-06,  2.94548e-07,  3.80342e-07,  1.65089e-06,  3.30741e-07,  3.45996e-07,
06:32:41,  23561376,  5.65139e-06,  4.05901e-08,  1.74333e-06,  2.96396e-07,  3.81572e-07,  1.64513e-06,  3.29383e-07,  3.46533e-07,
06:33:27,  23607382,  5.67884e-06,  3.78019e-08,  1.73790e-06,  2.94204e-07,  1.56550e-06,  3.92251e-07,  1.28492e-07,  3.35936e-07,
06:34:13,  23653386,  5.48493e-06,  3.29783e-08,  9.35486e-07,  2.77480e-07,  2.13338e-06,  6.43463e-07,  1.31571e-07,  3.44536e-07,
06:34:55,  23695556,  5.28948e-06,  3.17742e-08,  8.11668e-07,  2.82929e-07,  2.25448e-06,  5.81625e-07,  9.07410e-08,  3.40621e-07,
06:35:40,  23740808,  5.63302e-06,  3.07046e-08,  8.60924e-07,  2.85591e-07,  2.11718e-06,  6.61687e-07,  1.03577e-07,  3.41772e-07,
06:36:26,  23786062,  5.68648e-06,  2.92884e-08,  9.27738e-07,  2.90039e-07,  5.01111e-07,  1.01367e-06,  3.12547e-07,  3.44383e-07,
06:37:11,  23831316,  5.75673e-06,  3.00584e-08,  1.73222e-06,  2.98588e-07,  4.28379e-07,  1.62465e-06,  3.16483e-07,  3.42156e-07,
06:37:56,  23876572,  5.74300e-06,  2.77856e-08,  1.71869e-06,  2.94423e-07,  4.26364e-07,  1.61761e-06,  3.20773e-07,  3.42233e-07,
06:38:41,  23921826,  5.69259e-06,  2.75544e-08,  1.72615e-06,  2.96146e-07,  4.14451e-07,  1.62209e-06,  3.21772e-07,  3.43539e-07,
06:39:27,  23967078,  5.70327e-06,  2.61154e-08,  1.72250e-06,  2.92575e-07,  4.04423e-07,  1.62913e-06,  2.98912e-08,  4.82981e-07,
06:40:12,  24012332,  6.89586e-06,  3.03215e-08,  9.32232e-07,  2.96929e-07,  2.10985e-06,  7.42260e-07,  1.23413e-07,  3.43154e-07,
06:40:57,  24057584,  5.25130e-06,  2.31363e-08,  7.91690e-07,  2.82898e-07,  2.33556e-06,  5.29513e-07,  7.76636e-08,  3.37703e-07,
06:41:42,  24102836,  5.60859e-06,  2.32039e-08,  8.00843e-07,  2.87032e-07,  2.22215e-06,  6.18585e-07,  9.51560e-08,  3.41542e-07,
06:42:28,  24148090,  5.71398e-06,  2.17483e-08,  8.89860e-07,  2.88692e-07,  2.07038e-06,  6.93117e-07,  1.07641e-07,  3.42386e-07,
06:43:13,  24193344,  5.73230e-06,  2.21854e-08,  9.52000e-07,  2.92231e-07,  4.57684e-07,  1.01582e-06,  3.13131e-07,  3.42079e-07,
06:43:58,  24238596,  5.76130e-06,  2.32146e-08,  1.73857e-06,  2.95112e-07,  3.97671e-07,  1.63169e-06,  3.16429e-07,  3.42079e-07,
06:44:43,  24283852,  5.70330e-06,  2.20854e-08,  1.73296e-06,  2.97993e-07,  3.93065e-07,  1.62657e-06,  3.18686e-07,  3.41311e-07,
06:45:29,  24329104,  5.68343e-06,  2.24759e-08,  1.72811e-06,  2.94204e-07,  3.95365e-07,  1.59650e-06,  3.06467e-07,  3.55747e-07,
06:46:14,  24374336,  5.94302e-06,  2.45304e-08,  1.62164e-06,  3.47664e-07,  5.56551e-07,  7.33947e-07,  8.00873e-09,  7.61943e-07,
06:46:59,  24419588,  1.19716e-06,  7.95150e-08,  2.03503e-08,  1.87910e-09,  5.09386e-07,  1.56028e-07,  7.65244e-09,  9.26700e-07,
06:47:46,  24466208,  8.38009e-08,  7.61179e-06,  6.35025e-09,  8.61253e-11,  4.87671e-07,  1.34732e-07,  7.30841e-09,  8.98871e-07,
06:48:32,  24512032,  7.08057e-08,  7.61707e-06,  5.62910e-09,  7.24674e-11,  4.74012e-07,  1.27669e-07,  7.00700e-09,  8.73914e-07,
06:49:31,  24571482,  6.18123e-08,  8.60471e-06,  4.96036e-09,  6.71190e-11,  4.58951e-07,  1.21526e-07,  6.68014e-09,  8.61429e-07,
06:50:34,  24634016,  5.38255e-08,  8.39836e-06,  4.79090e-09,  6.36004e-11,  4.48596e-07,  1.17123e-07,  6.45106e-09,  8.46079e-07,
06:51:36,  24696552,  4.78250e-08,  8.23036e-06,  4.64383e-09,  6.17737e-11,  4.36880e-07,  1.11799e-07,  6.29150e-09,  8.33121e-07,
06:52:46,  24766208,  4.29534e-08,  8.05286e-06,  3.78235e-09,  5.84297e-11,  4.27304e-07,  1.07294e-07,  5.92936e-09,  8.18250e-07,
06:53:55,  24835862,  3.75491e-08,  7.87536e-06,  3.43103e-09,  5.59165e-11,  4.20329e-07,  1.03609e-07,  5.83586e-09,  8.03364e-07,
06:55:05,  24905516,  3.41434e-08,  7.81293e-06,  3.53525e-09,  5.43012e-11,  4.12960e-07,  1.00026e-07,  5.78183e-09,  7.92807e-07,
06:56:15,  24975172,  3.09989e-08,  7.61136e-06,  2.63060e-09,  5.35566e-11,  4.07476e-07,  9.70562e-08,  5.54549e-09,  7.87050e-07,
06:57:24,  25044828,  2.82186e-08,  7.54414e-06,  2.53026e-09,  5.10073e-11,  3.93875e-07,  9.45998e-08,  5.37940e-09,  7.79843e-07,
06:58:34,  25114482,  2.62786e-08,  7.42900e-06,  2.85740e-09,  4.96598e-11,  3.69046e-07,  9.22450e-08,  5.04623e-09,  7.76014e-07,
06:59:44,  25184136,  2.33323e-08,  7.36179e-06,  1.99112e-09,  4.80751e-11,  3.51903e-07,  9.00950e-08,  4.72637e-09,  7.67850e-07,
07:00:53,  25253792,  2.17882e-08,  7.28014e-06,  2.45099e-09,  4.69445e-11,  3.33504e-07,  8.81498e-08,  4.51128e-09,  7.64486e-07,
07:02:03,  25323448,  1.98508e-08,  7.27057e-06,  3.04851e-09,  3.76563e-11,  2.81109e-08,  8.50784e-08,  8.51798e-10,  7.13622e-07,
07:03:14,  25394162,  1.00824e-08,  6.82431e-06,  2.10281e-09,  3.41158e-11,  2.08940e-08,  8.24738e-08,  6.99260e-10,  6.94433e-07,
07:04:35,  25475128,  8.42536e-09,  6.62276e-06,  1.27118e-09,  3.23549e-11,  1.76062e-08,  8.02798e-08,  7.43473e-10,  6.88666e-07,
07:05:56,  25556092,  7.52652e-09,  6.51717e-06,  1.35629e-09,  3.08626e-11,  1.59711e-08,  7.83151e-08,  7.60649e-10,  6.79552e-07,
07:07:17,  25637056,  6.75998e-09,  6.46442e-06,  1.67028e-09,  3.04304e-11,  1.43630e-08,  7.68941e-08,  7.10073e-10,  6.73794e-07,
07:08:38,  25718022,  5.99936e-09,  6.32521e-06,  1.88363e-09,  2.94705e-11,  1.29924e-08,  7.54864e-08,  6.12499e-10,  6.71874e-07,
07:09:58,  25798988,  5.20939e-09,  6.06452e-06,  2.26078e-09,  2.86304e-11,  1.25155e-08,  7.43029e-08,  6.36810e-10,  6.60356e-07,
07:11:16,  25876868,  4.76407e-09,  5.99004e-06,  1.16294e-09,  2.95401e-11,  1.16320e-08,  7.30620e-08,  6.18799e-10,  6.61316e-07,
07:12:34,  25954748,  4.34355e-09,  5.92247e-06,  1.50558e-09,  2.82491e-11,  1.08123e-08,  7.20760e-08,  6.33523e-10,  6.48838e-07,
07:13:52,  26032628,  3.97516e-09,  5.86181e-06,  1.22818e-09,  2.80048e-11,  1.02838e-08,  7.12314e-08,  6.19286e-10,  6.44523e-07,
07:15:10,  26110508,  3.65959e-09,  5.80038e-06,  9.60629e-10,  3.29320e-11,  5.48101e-08,  7.90769e-08,  2.42291e-09,  7.20821e-07,
07:16:29,  26189978,  6.61216e-09,  6.43079e-06,  1.44243e-09,  7.85448e-10,  4.16071e-07,  1.01799e-06,  1.31349e-08,  2.95624e-07,
07:17:46,  26266268,  2.57184e-08,  1.70464e-07,  1.57728e-07,  7.81078e-10,  3.87575e-07,  1.01684e-06,  1.31085e-08,  2.74047e-07,
07:18:37,  26317284,  2.42930e-06,  1.80922e-07,  1.56897e-07,  8.22345e-09,  3.84200e-07,  1.66688e-06,  3.78179e-07,  2.77886e-07,
07:19:20,  26360428,  2.42632e-06,  1.58946e-07,  2.13031e-06,  3.98713e-07,  3.77547e-07,  1.66624e-06,  3.83749e-07,  2.77964e-07,
07:20:01,  26401978,  3.45709e-06,  1.44649e-07,  2.13917e-06,  3.98964e-07,  3.74468e-07,  1.67648e-06,  3.87951e-07,  2.78117e-07,
07:20:46,  26446392,  3.47845e-06,  1.31687e-07,  2.14589e-06,  3.99684e-07,  3.68423e-07,  1.68928e-06,  3.90335e-07,  2.77733e-07,
07:21:30,  26490804,  3.47845e-06,  1.19831e-07,  2.15558e-06,  4.02816e-07,  3.66216e-07,  1.69440e-06,  3.93319e-07,  2.76811e-07,
07:22:15,  26535216,  3.48152e-06,  1.08414e-07,  2.16033e-06,  4.03192e-07,  3.61157e-07,  1.70271e-06,  3.95483e-07,  2.77349e-07,
07:22:59,  26579628,  3.48302e-06,  9.88150e-08,  2.16699e-06,  4.02252e-07,  3.58951e-07,  1.70975e-06,  3.98116e-07,  2.76658e-07,
07:23:44,  26624042,  3.48916e-06,  8.97393e-08,  2.17183e-06,  4.02503e-07,  2.96180e-07,  1.75008e-06,  4.07553e-07,  2.74661e-07,
07:24:28,  26668456,  3.46014e-06,  8.20143e-08,  2.20700e-06,  4.02471e-07,  2.92150e-07,  1.74814e-06,  4.08663e-07,  2.74661e-07,
07:25:12,  26712868,  3.46166e-06,  7.45736e-08,  2.20607e-06,  4.01908e-07,  2.92057e-07,  1.75070e-06,  4.09538e-07,  2.74278e-07,
07:25:57,  26757280,  3.45098e-06,  6.89688e-08,  2.21186e-06,  4.04006e-07,  2.91631e-07,  1.75199e-06,  4.10616e-07,  2.74047e-07,
07:26:41,  26801696,  3.47386e-06,  6.36859e-08,  2.21401e-06,  4.04820e-07,  2.92477e-07,  1.75006e-06,  4.11897e-07,  2.74815e-07,
07:27:26,  26846086,  3.49373e-06,  5.82432e-08,  2.21700e-06,  4.03066e-07,  2.92379e-07,  1.75583e-06,  4.11888e-07,  2.73971e-07,
07:28:12,  26892088,  3.46780e-06,  5.41711e-08,  2.22232e-06,  4.05415e-07,  2.92997e-07,  1.75327e-06,  4.13881e-07,  2.73356e-07,
07:28:58,  26938092,  3.47695e-06,  4.99614e-08,  2.22482e-06,  4.05979e-07,  2.92119e-07,  1.76287e-06,  4.14600e-07,  2.73740e-07,
07:29:44,  26984092,  3.47236e-06,  4.60914e-08,  2.22240e-06,  4.04131e-07,  2.92088e-07,  1.76286e-06,  4.15357e-07,  2.74431e-07,
07:30:30,  27030096,  3.48611e-06,  4.34291e-08,  2.22725e-06,  4.05822e-07,  2.93708e-07,  1.76543e-06,  4.16976e-07,  2.73586e-07,
07:31:16,  27076100,  3.46930e-06,  3.99844e-08,  2.23714e-06,  4.05854e-07,  2.92280e-07,  1.77567e-06,  4.18710e-07,  2.72358e-07,
07:32:02,  27122104,  3.48152e-06,  3.80059e-08,  2.23640e-06,  4.06637e-07,  2.92410e-07,  1.76990e-06,  4.17999e-07,  2.73586e-07,
07:32:48,  27168106,  3.49680e-06,  3.57530e-08,  2.23015e-06,  4.04006e-07,  1.26834e-06,  8.25445e-07,  2.55976e-07,  2.57692e-07,
07:33:34,  27214110,  3.25398e-06,  3.13325e-08,  1.54651e-06,  3.62948e-07,  1.88981e-06,  8.82010e-07,  3.40866e-07,  1.64014e-07,
07:34:15,  27255528,  2.29811e-06,  3.05772e-08,  1.36867e-06,  4.00404e-07,  1.99163e-06,  7.82598e-07,  1.82069e-07,  2.77042e-07,
07:35:00,  27300032,  3.56550e-06,  3.07204e-08,  1.36903e-06,  4.04413e-07,  1.95762e-06,  8.04406e-07,  1.87062e-07,  2.77503e-07,
07:35:44,  27344536,  3.58995e-06,  2.90340e-08,  1.40169e-06,  4.08954e-07,  1.91130e-06,  8.32355e-07,  1.90821e-07,  2.79192e-07,
07:36:29,  27389042,  3.59602e-06,  2.76195e-08,  1.42118e-06,  4.06449e-07,  1.86385e-06,  8.61944e-07,  1.97023e-07,  2.78885e-07,
07:37:13,  27433548,  3.60061e-06,  2.66111e-08,  1.44751e-06,  4.07044e-07,  1.69153e-06,  9.64733e-07,  2.28569e-07,  2.74354e-07,
07:37:58,  27478050,  3.63116e-06,  2.56853e-08,  1.69760e-06,  4.12180e-07,  9.76295e-07,  1.42372e-06,  3.20647e-07,  2.80728e-07,
07:38:42,  27522138,  3.66782e-06,  2.53946e-08,  1.92753e-06,  4.15406e-07,  9.04300e-07,  1.44549e-06,  3.29030e-07,  2.79960e-07,
07:39:26,  27566642,  3.66016e-06,  2.50476e-08,  1.95281e-06,  4.15280e-07,  8.58797e-07,  1.47044e-06,  3.36695e-07,  2.79729e-07,
07:40:11,  27611146,  3.66018e-06,  2.44389e-08,  1.97242e-06,  4.15030e-07,  8.11411e-07,  1.50180e-06,  3.55749e-07,  2.78654e-07,
07:40:55,  27655648,  3.62352e-06,  2.37765e-08,  2.10278e-06,  4.09956e-07,  3.12533e-07,  1.76734e-06,  4.10170e-07,  2.71206e-07,
07:41:40,  27700152,  3.53189e-06,  2.29807e-08,  2.22996e-06,  4.04789e-07,  3.00594e-07,  1.76159e-06,  4.12420e-07,  2.71283e-07,
07:42:24,  27744656,  3.49984e-06,  2.20818e-08,  2.22715e-06,  4.01751e-07,  2.97473e-07,  1.76350e-06,  4.14047e-07,  2.70208e-07,
07:43:09,  27789158,  3.50441e-06,  2.12224e-08,  2.23276e-06,  4.10958e-07,  1.52324e-06,  1.15498e-06,  2.43672e-07,  2.65985e-07,
07:43:53,  27833662,  3.40975e-06,  2.02831e-08,  1.53672e-06,  3.92512e-07,  1.74606e-06,  9.66857e-07,  4.30921e-07,  1.66701e-07,
07:44:37,  27877750,  2.30880e-06,  2.01282e-08,  1.46692e-06,  4.03693e-07,  1.79799e-06,  9.23986e-07,  2.07413e-07,  2.77733e-07,
07:45:21,  27921836,  3.59452e-06,  2.03814e-08,  1.47390e-06,  4.08704e-07,  1.80380e-06,  9.14393e-07,  1.98773e-07,  2.88329e-07,
07:46:05,  27965924,  3.73345e-06,  2.22782e-08,  1.39618e-06,  4.60034e-07,  2.30313e-06,  1.36934e-07,  2.65386e-08,  5.25290e-07,
07:46:50,  28010008,  1.43993e-06,  7.99736e-08,  7.12932e-08,  2.43030e-08,  1.88231e-06,  1.06373e-07,  2.47586e-08,  6.11674e-07,
07:47:34,  28054288,  1.11165e-07,  5.93806e-06,  3.43506e-09,  1.25273e-10,  1.21239e-06,  1.08011e-07,  1.57424e-08,  7.38979e-07,
07:48:16,  28096956,  8.86702e-08,  7.26529e-06,  5.04607e-09,  1.29188e-10,  8.41918e-07,  1.16099e-07,  7.32749e-09,  8.70079e-07,
07:49:11,  28151154,  7.49884e-08,  7.61093e-06,  4.20264e-09,  9.27902e-11,  4.68040e-07,  1.16509e-07,  6.66358e-09,  8.42721e-07,
07:50:10,  28210604,  6.58730e-08,  8.23521e-06,  3.93732e-09,  8.05462e-11,  4.53369e-07,  1.12209e-07,  6.44106e-09,  8.32157e-07,
07:51:13,  28273140,  5.85141e-08,  8.10557e-06,  3.75981e-09,  7.88929e-11,  4.40744e-07,  1.08216e-07,  6.34020e-09,  8.18721e-07,
07:52:15,  28335674,  5.21152e-08,  7.97607e-06,  3.57213e-09,  7.13321e-11,  4.32923e-07,  1.05145e-07,  6.04206e-09,  8.13921e-07,
07:53:18,  28398208,  4.71214e-08,  7.88007e-06,  3.39490e-09,  6.42855e-11,  4.25357e-07,  1.02483e-07,  5.80592e-09,  8.04800e-07,
07:54:20,  28460724,  4.25575e-08,  7.76493e-06,  3.65051e-09,  6.41500e-11,  4.10104e-07,  9.99229e-08,  5.64129e-09,  8.00486e-07,
07:55:30,  28530376,  3.84189e-08,  7.74086e-06,  2.51281e-09,  5.97114e-11,  3.90660e-07,  9.72610e-08,  5.38838e-09,  7.89450e-07,
07:56:40,  28600032,  3.42336e-08,  7.65450e-06,  3.13213e-09,  5.70784e-11,  3.76769e-07,  9.53162e-08,  5.05745e-09,  7.86086e-07,
07:57:49,  28669688,  3.09966e-08,  7.48171e-06,  1.81899e-09,  5.52196e-11,  3.65603e-07,  9.26546e-08,  5.03136e-09,  7.78407e-07,
07:58:59,  28739342,  2.82798e-08,  7.45779e-06,  3.03731e-09,  5.34259e-11,  3.57554e-07,  9.07093e-08,  4.80842e-09,  7.72650e-07,
08:00:08,  28808996,  2.59905e-08,  7.34257e-06,  2.56088e-09,  5.23297e-11,  3.49634e-07,  8.85593e-08,  4.83364e-09,  7.66407e-07,
08:01:18,  28878652,  2.35009e-08,  7.30421e-06,  2.31467e-09,  5.05203e-11,  3.42556e-07,  8.70236e-08,  4.77756e-09,  7.59214e-07,
08:02:28,  28948308,  2.17760e-08,  7.22264e-06,  2.14671e-09,  4.89356e-11,  3.34833e-07,  8.54879e-08,  4.66544e-09,  7.52979e-07,
08:03:37,  29017962,  2.03077e-08,  7.13629e-06,  2.45517e-09,  4.74080e-11,  3.25584e-07,  8.48675e-08,  4.44065e-09,  7.52493e-07,
08:04:49,  29089428,  1.87074e-08,  7.13146e-06,  2.47160e-09,  4.61279e-11,  2.88354e-07,  8.42276e-08,  1.28349e-09,  7.51536e-07,
08:06:01,  29161422,  1.07826e-08,  6.93474e-06,  1.69401e-09,  3.47531e-11,  2.05807e-08,  7.88905e-08,  8.51910e-10,  6.81956e-07,
08:07:13,  29233416,  8.32125e-09,  6.46442e-06,  1.60682e-09,  3.31222e-11,  1.66861e-08,  7.67344e-08,  6.60873e-10,  6.70430e-07,
08:08:34,  29314382,  7.32043e-09,  6.34441e-06,  1.11143e-09,  3.15179e-11,  1.47111e-08,  7.53522e-08,  6.61373e-10,  6.56993e-07,
08:09:55,  29395348,  6.49607e-09,  6.02383e-06,  1.39003e-09,  3.11805e-11,  1.31849e-08,  7.40080e-08,  5.93110e-10,  6.55073e-07,
08:11:13,  29473206,  5.81211e-09,  5.95472e-06,  9.83772e-10,  2.97672e-11,  1.20040e-08,  7.29207e-08,  6.39573e-10,  6.54597e-07,
08:12:31,  29551088,  5.12141e-09,  5.88561e-06,  1.04096e-09,  2.96670e-11,  1.10120e-08,  7.16348e-08,  6.49823e-10,  6.46919e-07,
08:13:48,  29628968,  4.72800e-09,  5.82341e-06,  1.43571e-09,  2.91503e-11,  1.12178e-08,  7.08670e-08,  5.78349e-10,  6.36836e-07,
08:15:06,  29706848,  4.46473e-09,  5.76199e-06,  1.30806e-09,  2.85310e-11,  1.02704e-08,  7.00151e-08,  6.34773e-10,  6.11597e-07,
08:16:21,  29781644,  7.07527e-09,  5.69441e-06,  1.74442e-08,  7.87655e-10,  5.45966e-08,  1.20873e-07,  2.72180e-09,  6.62659e-07,
08:17:38,  29858030,  2.55568e-08,  3.80165e-06,  1.56229e-07,  7.82950e-10,  4.94652e-07,  1.20821e-07,  2.23128e-09,  6.85849e-07,
08:18:36,  29916426,  2.42193e-06,  3.81624e-06,  1.56815e-07,  8.21515e-09,  4.66315e-07,  1.01490e-06,  1.30158e-08,  2.85104e-07,
08:19:24,  29964704,  2.42411e-06,  1.77374e-07,  2.11425e-06,  3.99684e-07,  4.42011e-07,  1.01397e-06,  1.29577e-08,  2.84183e-07,
08:20:04,  30004012,  3.52732e-06,  1.67584e-07,  2.13310e-06,  4.04883e-07,  4.30451e-07,  1.68160e-06,  3.76366e-07,  2.83799e-07,
08:20:48,  30048426,  3.55482e-06,  1.50024e-07,  2.13954e-06,  4.03881e-07,  4.23508e-07,  1.68544e-06,  3.84210e-07,  2.81572e-07,
08:21:32,  30092840,  3.54107e-06,  1.36102e-07,  2.15092e-06,  4.04914e-07,  4.08380e-07,  1.80573e-06,  4.21436e-07,  2.48708e-07,
08:22:17,  30137252,  3.12880e-06,  1.09757e-07,  2.18574e-06,  3.57404e-07,  3.95693e-07,  1.81277e-06,  4.26015e-07,  2.46789e-07,
08:23:01,  30181666,  3.06161e-06,  1.05004e-07,  2.18778e-06,  3.55807e-07,  3.87352e-07,  1.82172e-06,  4.29467e-07,  2.43486e-07,
08:23:46,  30226078,  3.06007e-06,  9.08450e-08,  2.25132e-06,  1.88286e-07,  3.62939e-07,  1.82493e-06,  4.22898e-07,  2.46711e-07,
08:24:30,  30270492,  3.05852e-06,  8.50936e-08,  2.19413e-06,  3.66111e-07,  3.69300e-07,  1.78973e-06,  4.26990e-07,  2.49476e-07,
08:25:14,  30314906,  3.03411e-06,  8.41721e-08,  2.18956e-06,  3.59377e-07,  3.74073e-07,  1.81918e-06,  4.29812e-07,  2.46174e-07,
08:25:59,  30359318,  3.07686e-06,  6.84313e-08,  2.19564e-06,  3.61851e-07,  3.76119e-07,  1.81086e-06,  4.30398e-07,  2.45636e-07,
08:26:43,  30403732,  3.07839e-06,  6.25265e-08,  2.19458e-06,  3.61100e-07,  3.81411e-07,  1.81342e-06,  4.30952e-07,  2.44792e-07,
08:27:28,  30448144,  3.06466e-06,  5.79359e-08,  2.19879e-06,  3.61382e-07,  3.80404e-07,  1.81405e-06,  4.31873e-07,  2.44792e-07,
08:28:14,  30494148,  3.07534e-06,  5.39031e-08,  2.19964e-06,  3.60567e-07,  3.79853e-07,  1.81790e-06,  4.32787e-07,  2.44869e-07,
08:29:00,  30540152,  3.09211e-06,  4.82831e-08,  2.20085e-06,  3.61789e-07,  3.77968e-07,  1.81918e-06,  4.33607e-07,  2.44792e-07,
08:29:46,  30586156,  3.09673e-06,  4.53354e-08,  2.20842e-06,  3.62697e-07,  3.72614e-07,  1.81726e-06,  4.34429e-07,  2.44331e-07,
08:30:32,  30632160,  3.07993e-06,  4.18300e-08,  2.20813e-06,  3.63950e-07,  3.62809e-07,  1.81918e-06,  4.36702e-07,  2.44561e-07,
08:31:18,  30678164,  3.08909e-06,  3.91621e-08,  2.21447e-06,  3.63511e-07,  2.51742e-07,  1.87612e-06,  4.25241e-07,  2.62606e-07,
08:32:04,  30724168,  3.33339e-06,  4.23824e-08,  2.21783e-06,  4.45001e-07,  3.84558e-07,  1.05259e-06,  1.09413e-07,  7.38364e-07,
08:32:50,  30770172,  1.32848e-06,  8.00964e-08,  1.56949e-07,  1.83525e-08,  2.15827e-06,  9.21427e-08,  3.38599e-08,  5.45177e-07,
08:33:39,  30819036,  9.55282e-08,  4.98621e-06,  4.38957e-09,  1.56591e-10,  2.21241e-06,  7.56593e-08,  3.12812e-08,  5.45661e-07,
08:34:20,  30860116,  8.82132e-08,  5.02676e-06,  4.18890e-09,  1.17444e-10,  2.01224e-06,  1.15888e-07,  1.02812e-08,  7.60557e-07,
08:35:05,  30905348,  7.40575e-08,  7.61200e-06,  4.94499e-09,  9.33722e-11,  5.36816e-07,  1.14012e-07,  8.11555e-09,  8.24007e-07,
08:36:09,  30969380,  6.20420e-08,  7.62014e-06,  4.83614e-09,  8.10160e-11,  8.73691e-07,  1.02662e-07,  8.57276e-09,  8.07686e-07,
08:37:09,  31029582,  5.78250e-08,  7.84171e-06,  3.98808e-09,  7.84785e-10,  1.00732e-06,  1.42827e-07,  1.12420e-08,  6.29158e-07,
08:38:12,  31092868,  2.42200e-06,  3.94002e-06,  1.54983e-07,  8.22105e-09,  4.37368e-07,  1.01488e-06,  1.30037e-08,  2.46789e-07,
08:39:11,  31151680,  2.42191e-06,  1.96571e-07,  1.52779e-07,  3.48698e-07,  2.72218e-07,  1.01612e-06,  4.25256e-07,  2.43640e-07,
08:39:51,  31191828,  2.93791e-06,  1.67676e-07,  2.19636e-06,  3.46474e-07,  2.65893e-07,  1.82750e-06,  4.31702e-07,  2.42335e-07,
08:40:35,  31235492,  2.92418e-06,  1.51459e-07,  2.20385e-06,  3.46850e-07,  2.62351e-07,  1.82750e-06,  4.35249e-07,  2.42489e-07,
08:41:19,  31279152,  2.93486e-06,  1.36394e-07,  2.21037e-06,  3.48635e-07,  2.61411e-07,  1.83005e-06,  5.23092e-07,  1.71155e-07,
08:42:02,  31322816,  2.09043e-06,  1.06110e-07,  2.21681e-06,  3.32882e-07,  2.97021e-07,  1.64129e-06,  2.90319e-07,  4.75763e-07,
08:42:46,  31366478,  3.83884e-06,  1.34874e-06,  1.37350e-06,  3.03067e-07,  4.40515e-07,  5.65653e-07,  7.08049e-08,  7.60714e-07,
08:43:30,  31410142,  2.55018e-07,  7.61164e-06,  1.64787e-07,  8.14275e-10,  4.38402e-07,  2.26670e-07,  2.96949e-08,  8.48950e-07,
08:44:13,  31453582,  7.23180e-08,  7.62014e-06,  7.99679e-08,  1.22830e-10,  4.34574e-07,  1.90428e-07,  2.33199e-08,  8.43679e-07,
08:44:55,  31495474,  6.65936e-08,  8.17764e-06,  6.09185e-08,  9.60976e-11,  4.28145e-07,  1.78756e-07,  2.22962e-08,  8.27843e-07,
08:45:49,  31549788,  6.00239e-08,  8.06243e-06,  5.99588e-08,  8.79497e-11,  4.19971e-07,  1.75583e-07,  2.14286e-08,  8.16329e-07,
08:46:44,  31604104,  5.42384e-08,  7.89929e-06,  6.09179e-08,  1.53983e-10,  3.82549e-07,  3.74099e-07,  1.17351e-07,  6.67074e-07,
08:47:38,  31658420,  4.67402e-08,  5.95088e-06,  1.53599e-07,  7.84071e-10,  2.44471e-07,  1.01541e-06,  3.96694e-07,  2.67789e-07,
08:48:32,  31712734,  2.38423e-06,  5.69749e-07,  2.05051e-06,  8.21566e-09,  2.50443e-07,  1.76094e-06,  4.25226e-07,  2.39110e-07,
08:49:14,  31754376,  2.41923e-06,  2.02951e-07,  2.15969e-06,  3.34479e-07,  2.51965e-07,  1.79486e-06,  4.31795e-07,  2.39187e-07,
08:49:55,  31795176,  2.85391e-06,  1.66816e-07,  2.18238e-06,  3.38739e-07,  2.51772e-07,  1.80893e-06,  4.36515e-07,  2.38649e-07,
08:50:38,  31838818,  2.86157e-06,  1.50546e-07,  2.19610e-06,  3.42121e-07,  2.52552e-07,  1.81406e-06,  4.38272e-07,  2.40185e-07,
08:51:22,  31882482,  2.89209e-06,  1.36532e-07,  2.19907e-06,  3.44940e-07,  2.54567e-07,  1.82813e-06,  4.69383e-07,  2.12389e-07,
08:52:06,  31926144,  2.57448e-06,  1.18779e-07,  2.19685e-06,  3.43405e-07,  3.05917e-07,  1.56706e-06,  2.48726e-07,  5.73204e-07,
08:52:49,  31969808,  3.44641e-06,  2.84797e-06,  1.11400e-06,  2.26149e-07,  4.24094e-07,  5.55415e-07,  5.51099e-08,  7.60943e-07,
08:53:33,  32013472,  2.01562e-07,  7.61186e-06,  1.29239e-07,  5.01092e-10,  4.28280e-07,  2.21859e-07,  2.90549e-08,  8.42721e-07,
08:54:16,  32056912,  7.08520e-08,  7.60786e-06,  8.09085e-08,  1.13043e-10,  4.21986e-07,  1.93192e-07,  2.50624e-08,  8.26879e-07,
08:54:58,  32098804,  6.51400e-08,  8.05771e-06,  6.85065e-08,  9.52753e-11,  4.15977e-07,  1.80907e-07,  2.26874e-08,  8.19207e-07,
08:55:53,  32153120,  5.85286e-08,  7.90886e-06,  6.47503e-08,  8.49111e-11,  4.11205e-07,  1.75992e-07,  2.18436e-08,  8.04329e-07,
08:56:47,  32207434,  5.27725e-08,  7.79843e-06,  6.12269e-08,  1.80891e-10,  3.79365e-07,  3.55977e-07,  8.99373e-08,  6.92030e-07,
08:57:41,  32261748,  4.03880e-08,  6.26762e-06,  1.56583e-07,  7.84297e-10,  2.41781e-07,  1.01612e-06,  3.89242e-07,  2.74032e-07,
08:58:36,  32316064,  2.28132e-06,  6.71874e-07,  2.01943e-06,  8.21464e-09,  2.49083e-07,  1.74623e-06,  4.24133e-07,  2.39801e-07,
08:59:17,  32357708,  2.41923e-06,  2.07321e-07,  2.15065e-06,  3.33728e-07,  2.51383e-07,  1.79230e-06,  4.31287e-07,  2.39417e-07,
08:59:57,  32397758,  2.83257e-06,  1.69120e-07,  2.17715e-06,  3.39208e-07,  2.52261e-07,  1.80062e-06,  4.36015e-07,  2.39878e-07,
09:00:41,  32441420,  2.86920e-06,  1.51459e-07,  2.18872e-06,  3.40586e-07,  2.51840e-07,  1.82302e-06,  4.40429e-07,  2.39417e-07,
09:01:25,  32485084,  2.87073e-06,  1.38121e-07,  2.20336e-06,  3.44000e-07,  2.52427e-07,  1.82237e-06,  4.65631e-07,  2.16305e-07,
09:02:08,  32528748,  2.61418e-06,  1.22856e-07,  2.20019e-06,  3.46850e-07,  3.10165e-07,  1.54083e-06,  2.32624e-07,  6.25726e-07,
09:02:52,  32572410,  3.15475e-06,  3.31617e-06,  1.00939e-06,  1.96084e-07,  4.20687e-07,  5.40058e-07,  5.44212e-08,  7.60714e-07,
09:03:36,  32616072,  1.93915e-07,  7.61114e-06,  1.26252e-07,  4.38456e-10,  4.22858e-07,  2.53085e-07,  3.01174e-08,  8.36957e-07,
09:04:19,  32659512,  6.88975e-08,  7.62014e-06,  8.17446e-08,  1.09128e-10,  4.18896e-07,  1.95854e-07,  2.62099e-08,  8.22086e-07,
09:05:01,  32701404,  6.39818e-08,  7.98086e-06,  7.25843e-08,  9.32054e-11,  4.11371e-07,  1.94113e-07,  2.60624e-08,  8.05771e-07,
09:05:55,  32755720,  5.73852e-08,  7.80807e-06,  7.27399e-08,  8.57633e-11,  4.05918e-07,  1.84694e-07,  2.44136e-08,  8.00964e-07,
09:06:50,  32810034,  5.18564e-08,  7.68814e-06,  6.88267e-08,  8.01850e-11,  4.02382e-07,  1.75992e-07,  2.24224e-08,  7.90414e-07,
09:07:44,  32864348,  4.70164e-08,  7.61136e-06,  6.70504e-08,  7.26538e-11,  3.99489e-07,  1.72409e-07,  2.21712e-08,  7.89443e-07,
09:08:38,  32918664,  5.35348e-08,  5.03421e-06,  2.63285e-09,  8.22192e-11,  2.08427e-06,  6.49093e-08,  3.02349e-08,  5.14463e-07,
09:09:32,  32972980,  6.83184e-08,  4.59101e-06,  2.68406e-09,  8.81362e-11,  2.09689e-06,  6.69119e-08,  2.72962e-08,  5.18302e-07,
09:10:31,  33031588,  6.76002e-08,  4.78988e-06,  2.30422e-09,  8.24887e-11,  8.08744e-07,  1.02457e-07,  8.31248e-09,  7.60329e-07,
09:11:30,  33090200,  4.18223e-08,  7.61479e-06,  2.98983e-09,  5.99988e-11,  4.70345e-07,  9.88733e-08,  6.89986e-09,  7.99529e-07,
09:12:30,  33150380,  3.53966e-08,  7.68329e-06,  2.76019e-09,  5.54983e-11,  4.47329e-07,  9.48630e-08,  6.63167e-09,  7.77929e-07,
09:13:40,  33220784,  3.16536e-08,  7.42900e-06,  2.52475e-09,  5.34290e-11,  4.36163e-07,  9.18990e-08,  6.43040e-09,  7.64971e-07,
09:14:51,  33291188,  2.89516e-08,  7.36657e-06,  2.17896e-09,  5.16235e-11,  4.26141e-07,  8.95903e-08,  6.19947e-09,  7.54893e-07,
09:16:01,  33361594,  2.62323e-08,  7.21779e-06,  2.67181e-09,  4.86678e-11,  4.16819e-07,  8.73502e-08,  6.04231e-09,  7.47693e-07,
09:17:12,  33432000,  2.45684e-08,  7.09783e-06,  1.99546e-09,  4.73892e-11,  4.13936e-07,  8.53088e-08,  5.88584e-09,  7.39057e-07,
09:18:22,  33502404,  2.27069e-08,  7.05951e-06,  1.56143e-09,  4.71418e-11,  4.07471e-07,  8.39399e-08,  5.75430e-09,  7.38100e-07,
09:19:32,  33572808,  2.12239e-08,  6.98265e-06,  1.80718e-09,  4.64528e-11,  4.02086e-07,  8.24421e-08,  5.60662e-09,  7.32336e-07,
09:20:43,  33643216,  2.00951e-08,  6.87231e-06,  1.19534e-09,  4.54984e-11,  3.94846e-07,  8.10528e-08,  5.52023e-09,  7.23214e-07,
09:21:54,  33714680,  1.89766e-08,  6.85311e-06,  1.66132e-09,  4.43717e-11,  3.88001e-07,  8.00177e-08,  5.40736e-09,  7.16500e-07,
09:23:06,  33786672,  1.79728e-08,  6.82431e-06,  1.98276e-09,  4.34635e-11,  3.72225e-07,  7.87758e-08,  5.18499e-09,  7.11710e-07,
09:24:18,  33858668,  1.66521e-08,  6.76673e-06,  1.59965e-09,  4.24480e-11,  3.52817e-07,  7.80335e-08,  4.77151e-09,  7.09306e-07,
09:25:30,  33930664,  1.54284e-08,  6.72834e-06,  1.52350e-09,  4.16173e-11,  3.39279e-07,  7.71050e-08,  4.74180e-09,  7.09306e-07,
09:26:42,  34002660,  1.49953e-08,  6.65155e-06,  9.63467e-10,  4.05854e-11,  1.20223e-07,  7.75022e-08,  1.92044e-09,  6.83875e-07,
09:27:54,  34074656,  9.51075e-09,  6.48838e-06,  1.54679e-09,  3.42943e-11,  1.02047e-07,  7.48659e-08,  1.81828e-09,  6.66591e-07,
09:29:06,  34146648,  8.56684e-09,  6.29641e-06,  8.39693e-10,  3.33626e-11,  9.76014e-08,  7.47502e-08,  1.85527e-09,  6.61799e-07,
09:30:19,  34219392,  8.24289e-09,  6.00079e-06,  3.03193e-09,  3.36029e-11,  9.81517e-08,  7.93133e-08,  2.85014e-09,  6.59872e-07,
09:31:29,  34289056,  7.71495e-09,  5.92784e-06,  1.30257e-08,  3.62102e-11,  9.54928e-08,  9.90848e-08,  6.92881e-09,  6.58436e-07,
09:32:38,  34358716,  6.90191e-09,  5.90941e-06,  4.15739e-08,  2.90240e-10,  1.69948e-07,  1.01793e-06,  1.31128e-08,  1.09903e-07,
09:33:48,  34428376,  2.83648e-09,  9.46764e-07,  1.56817e-07,  3.94664e-10,  3.84610e-08,  1.01705e-06,  4.78297e-07,  1.07192e-07,
09:34:52,  34492608,  1.40180e-09,  9.50600e-07,  1.56843e-07,  3.85320e-10,  1.99313e-08,  1.73407e-06,  4.43014e-07,  1.14180e-07,
09:35:57,  34557752,  1.67331e-09,  1.00128e-06,  1.79557e-06,  3.84229e-10,  1.74200e-08,  1.71488e-06,  4.40037e-07,  1.13259e-07,
09:37:06,  34626660,  1.24130e-09,  9.87457e-07,  1.74818e-06,  3.82465e-10,  1.66093e-08,  1.69248e-06,  4.35765e-07,  1.13181e-07,
09:38:15,  34695548,  1.21934e-09,  9.81314e-07,  1.73838e-06,  3.82056e-10,  1.61538e-08,  1.68351e-06,  4.32115e-07,  1.11799e-07,
09:39:24,  34764460,  1.07324e-09,  9.69800e-07,  1.73361e-06,  3.80428e-10,  1.55140e-08,  1.66431e-06,  4.28280e-07,  1.10494e-07,
09:40:33,  34833368,  1.09107e-09,  9.63657e-07,  1.72558e-06,  3.79326e-10,  1.53277e-08,  1.65089e-06,  4.23459e-07,  1.09342e-07,
09:41:42,  34902280,  8.18145e-10,  9.52136e-07,  1.71813e-06,  3.78004e-10,  1.51945e-08,  1.62849e-06,  4.18070e-07,  1.08651e-07,
09:42:51,  34971168,  8.90586e-10,  9.45229e-07,  1.71299e-06,  3.76572e-10,  1.45557e-08,  1.61186e-06,  4.13742e-07,  1.06424e-07,
09:44:00,  35040080,  7.91125e-10,  9.33707e-07,  1.70308e-06,  3.77001e-10,  1.41708e-08,  1.59393e-06,  4.07944e-07,  1.04966e-07,
09:45:08,  35108992,  9.13773e-10,  9.23729e-07,  1.69079e-06,  3.73760e-10,  1.34651e-08,  1.57217e-06,  4.01990e-07,  1.03353e-07,
09:46:17,  35177904,  7.25695e-10,  9.14514e-07,  1.68154e-06,  3.73428e-10,  1.37964e-08,  1.54786e-06,  3.95820e-07,  1.01817e-07,
09:47:26,  35246816,  6.91541e-10,  9.07600e-07,  1.66904e-06,  3.72195e-10,  1.35825e-08,  1.53378e-06,  3.90030e-07,  9.96671e-08,
09:48:35,  35315724,  6.92030e-10,  8.94550e-07,  1.65681e-06,  3.72023e-10,  1.29700e-08,  1.50499e-06,  3.83265e-07,  9.80550e-08,
09:49:44,  35384616,  7.18659e-10,  8.83029e-07,  1.64543e-06,  3.70390e-10,  1.24736e-08,  1.48451e-06,  3.76522e-07,  9.62121e-08,
09:50:53,  35453504,  8.04025e-10,  8.76121e-07,  1.63357e-06,  3.68733e-10,  1.25398e-08,  1.46532e-06,  3.70133e-07,  9.39850e-08,
09:52:02,  35522416,  7.73191e-10,  8.66136e-07,  1.61976e-06,  3.66357e-10,  1.24930e-08,  1.43653e-06,  3.64280e-07,  9.23729e-08,
09:53:11,  35591324,  6.85164e-10,  8.56157e-07,  1.61286e-06,  3.64670e-10,  1.24910e-08,  1.42756e-06,  3.59078e-07,  9.03764e-08,
09:54:20,  35660236,  6.52889e-10,  8.46943e-07,  1.59793e-06,  3.63572e-10,  1.19974e-08,  1.40070e-06,  3.53678e-07,  8.93014e-08,
09:55:29,  35729148,  8.20270e-10,  8.44636e-07,  1.59047e-06,  3.66105e-10,  1.19634e-08,  1.34567e-06,  3.29764e-07,  1.10264e-07,
09:56:38,  35798056,  6.93814e-10,  1.12567e-06,  1.44771e-06,  3.25034e-10,  1.12073e-08,  1.22472e-06,  3.03952e-07,  1.07499e-07,
09:57:46,  35866968,  5.30632e-10,  1.56873e-06,  1.36307e-06,  2.57884e-10,  1.06712e-08,  4.06318e-07,  7.74060e-08,  3.89303e-08,
09:58:55,  35935880,  3.92468e-09,  7.05659e-06,  3.11585e-07,  7.81457e-11,  7.35348e-09,  3.25775e-07,  7.90473e-08,  2.57424e-08,
